Workbook

Sheet Raw_Data
A1: DELIVERY_NAME | B1: DELIVERY_RATING | C1: MARKET_NUMBER | D1: MARKET_NAME | E1: TIMEZONE | F1: DASHER | G1: IS_FIRST_DELIVERY | H1: VEHICLE | I1: CREATED_AT | J1: QUOTED_DELIVERY_TIME | K1: ESTIMATED_DELIVERY_TIME | L1: ASAP | M1: FRAUDULENT | N1: ACTUAL_PICKUP_TIME | O1: ACTUAL_DELIVERY_TIME | P1: DASHER_ASSIGNED_TIME | Q1: MANUALLY_ASSIGNED | R1: DASHER_CONFIRMED_TIME | S1: DASHER_AT_STORE_TIME | T1: CANCELLED_AT | U1: ACTIVE_DATE | V1: COMPOSITE_SCORE | W1: SUBTOTAL | X1: CONFIRM_TO_DELIVER_DURATION | Y1: DASHER_TO_RESTAURANT_DURATION | Z1: DASHER_WAIT_DURATION | AA1: RESTAURANT_TO_CUSTOMER_DURATION | AB1: WAS_BATCHED | AC1: TOTAL_ITEM_COUNT | AD1: DASHER_TO_STORE_TIME_CATEGORY | AE1: ACTUAL_PICKUP_TIME_GALAXY_A | AF1: ACTUAL_DELIVERY_TIME_GALAXY_A | AG1: DASHER_ASSIGNED_TIME_GALAXY_A | AH1: DASHER_AT_STORE_TIME_GALAXY_A | AI1: COMPOSITE_STAR_RATING | AJ1: NUM_FIVE_STARS | AK1: NUM_DELIVERIES | AL1: NUM_ON_TIME_DELIVERIES
A2: 930 | B2: 5 | C2: 4050 | D2: Doorlanta | E2: Galaxy A | F2: Katelynn | G2: 0 | H2: car | I2: 2055-06-08T14:40:31.776158Z | J2: 2055-06-08T16:30:00Z | K2: 2055-06-08T16:30:00Z | L2: 0 | M2: 0 | N2: 2055-06-08T16:27:25.447059Z | O2: 2055-06-08T16:43:26.092195Z | P2: 2055-06-08T15:24:32.128072Z | Q2: 1 | R2: 2055-06-08T15:24:56.562443Z | U2: 56773 | V2: 4.5 | W2: 3000 | X2: 4710 | AA2: 961 | AB2: 0 | AC2: 47 | AE2: 2055-06-08T12:27:25.447059Z | AF2: 2055-06-08T12:43:26.092195Z | AG2: 2055-06-08T11:24:32.128072Z | AI2: 4.7 | AJ2: 1261 | AK2: 3264 | AL2: 232 | AM2: =AVERAGEIF(F:F, "Bill", V:V) -> 4.4312115
A3: 371 | C3: 4001 | D3: Dashattan | E3: Galaxy A | F3: Arya | G3: 0 | H3: bicycle | I3: 2055-06-03T23:55:23.345361Z | J3: 2055-06-04T02:10:19.438Z | K3: 2055-06-04T01:42:06.438Z | L3: 1 | M3: 0 | N3: 2055-06-04T00:43:45.908174Z | O3: 2055-06-04T01:08:26.640633Z | P3: 2055-06-04T00:30:14.629493Z | Q3: 1 | R3: 2055-06-04T00:30:30.006106Z | S3: 2055-06-04T00:38:02.90308Z | U3: 56768 | V3: 3.1984045 | W3: 2000 | X3: 2276 | Y3: 452 | Z3: 343 | AA3: 1481 | AB3: 0 | AC3: 10 | AD3: early | AE3: 2055-06-03T20:43:45.908174Z | AF3: 2055-06-03T21:08:26.640633Z | AG3: 2055-06-03T20:30:14.629493Z | AH3: 2055-06-03T20:38:02.90308Z | AI3: 4.17 | AJ3: 457 | AK3: 1599
A4: 1012 | B4: 5 | C4: 4001 | D4: Dashattan | E4: Galaxy A | F4: Bret | G4: 0 | H4: car | I4: 2055-06-09T13:45:44.022432Z | J4: 2055-06-09T15:29:57.082Z | K4: 2055-06-09T15:01:44.082Z | L4: 1 | M4: 1 | N4: 2055-06-09T15:11:25.372168Z | O4: 2055-06-09T15:13:35.539122Z | P4: 2055-06-09T14:04:34.144994Z | Q4: 0 | R4: 2055-06-09T14:05:28.008027Z | S4: 2055-06-09T14:19:12.351423Z | U4: 56774 | V4: 4.5 | W4: 1500 | X4: 4087 | Y4: 824 | Z4: 3133 | AA4: 130 | AB4: 0 | AC4: 22 | AD4: late | AE4: 2055-06-09T11:11:25.372168Z | AF4: 2055-06-09T11:13:35.539122Z | AG4: 2055-06-09T10:04:34.144994Z | AH4: 2055-06-09T10:19:12.351423Z | AI4: 3.82 | AJ4: 174 | AK4: 773
A5: 774 | C5: 4001 | D5: Dashattan | E5: Galaxy A | F5: Bret | G5: 0 | H5: car | I5: 2055-06-06T22:14:59.221376Z | J5: 2055-06-07T15:45:00Z | K5: 2055-06-07T15:45:00Z | L5: 0 | M5: 0 | N5: 2055-06-07T15:35:32.652626Z | O5: 2055-06-07T15:50:01.734136Z | P5: 2055-06-07T14:40:24.824381Z | Q5: 1 | R5: 2055-06-07T14:41:19.172553Z | S5: 2055-06-07T15:33:47.403919Z | U5: 56772 | V5: 4.5425218 | W5: 1500 | X5: 4122 | Y5: 3148 | Z5: 105 | AA5: 869 | AB5: 1 | AC5: 32 | AE5: 2055-06-07T11:35:32.652626Z | AF5: 2055-06-07T11:50:01.734136Z | AG5: 2055-06-07T10:40:24.824381Z | AH5: 2055-06-07T11:33:47.403919Z | AI5: 3.82 | AJ5: 174 | AK5: 773
A6: 412 | B6: 1 | C6: 4001 | D6: Dashattan | E6: Galaxy A | F6: Samm | G6: 0 | H6: car | I6: 2055-06-04T16:09:11.472458Z | J6: 2055-06-04T18:20:18.559Z | K6: 2055-06-04T18:20:18.559Z | L6: 0 | M6: 0 | N6: 2055-06-04T18:12:59.656413Z | O6: 2055-06-04T18:35:17.08753Z | P6: 2055-06-04T17:41:54.272943Z | Q6: 1 | R6: 2055-06-04T17:42:13.505934Z | S6: 2055-06-04T17:58:03.42043Z | U6: 56769 | V6: 4.3 | W6: 1500 | X6: 3184 | Y6: 950 | Z6: 896 | AA6: 1338 | AB6: 0 | AC6: 26 | AD6: early | AE6: 2055-06-04T14:12:59.656413Z | AF6: 2055-06-04T14:35:17.08753Z | AG6: 2055-06-04T13:41:54.272943Z | AH6: 2055-06-04T13:58:03.42043Z | AI6: 4.03 | AJ6: 505 | AK6: 1721 | AL6: 457
A7: 1050 | B7: 1 | C7: 4001 | D7: Dashattan | E7: Galaxy A | F7: Carlee | G7: 0 | H7: car | I7: 2055-06-09T19:49:41.693256Z | J7: 2055-06-10T15:45:00Z | K7: 2055-06-10T15:45:00Z | L7: 0 | M7: 0 | N7: 2055-06-10T15:18:09.540509Z | O7: 2055-06-10T15:23:08.754428Z | P7: 2055-06-10T14:47:54.187365Z | Q7: 0 | R7: 2055-06-10T14:48:06.628086Z | S7: 2055-06-10T15:10:46.951495Z | U7: 56775 | V7: 4.5425218 | W7: 1500 | X7: 2102 | Y7: 1360 | Z7: 443 | AA7: 299 | AB7: 0 | AC7: 20 | AD7: late | AE7: 2055-06-10T11:18:09.540509Z | AF7: 2055-06-10T11:23:08.754428Z | AG7: 2055-06-10T10:47:54.187365Z | AH7: 2055-06-10T11:10:46.951495Z | AI7: 4.52 | AJ7: 269 | AK7: 895 | AL7: 23
A8: 5 | B8: 5 | C8: 4050 | D8: Doorlanta | E8: Galaxy A | F8: Jagar | G8: 0 | H8: car | I8: 2055-06-01T14:26:36.995622Z | J8: 2055-06-01T16:00:00Z | K8: 2055-06-01T16:00:00Z | L8: 0 | M8: 0 | N8: 2055-06-01T15:41:52.41593Z | O8: 2055-06-01T15:52:44.442115Z | P8: 2055-06-01T15:00:07.376028Z | Q8: 0 | R8: 2055-06-01T15:00:16.289572Z | S8: 2055-06-01T15:11:29.739589Z | U8: 56766 | V8: 4.6 | W8: 1500 | X8: 3148 | Y8: 673 | Z8: 1823 | AA8: 652 | AB8: 0 | AC8: 15 | AD8: early | AE8: 2055-06-01T11:41:52.41593Z | AF8: 2055-06-01T11:52:44.442115Z | AG8: 2055-06-01T11:00:07.376028Z | AH8: 2055-06-01T11:11:29.739589Z | AI8: 4.89 | AJ8: 1778 | AK8: 5138 | AL8: 314
A9: 823 | B9: 5 | C9: 4001 | D9: Dashattan | E9: Galaxy A | F9: Samm | G9: 0 | H9: car | I9: 2055-06-07T12:29:58.490584Z | J9: 2055-06-07T23:15:00Z | K9: 2055-06-07T23:15:00Z | L9: 0 | M9: 0 | N9: 2055-06-07T23:06:49.039195Z | O9: 2055-06-07T23:07:04.529095Z | P9: 2055-06-07T22:18:34.346697Z | Q9: 0 | R9: 2055-06-07T22:18:39.784875Z | S9: 2055-06-07T22:33:52.326656Z | U9: 56772 | V9: 3.2420098 | W9: 1500 | X9: 2905 | Y9: 913 | Z9: 1977 | AA9: 15 | AB9: 0 | AC9: 6 | AD9: late | AE9: 2055-06-07T19:06:49.039195Z | AF9: 2055-06-07T19:07:04.529095Z | AG9: 2055-06-07T18:18:34.346697Z | AH9: 2055-06-07T18:33:52.326656Z | AI9: 4.03 | AJ9: 505 | AK9: 1721 | AL9: 457
A10: 275 | C10: 4001 | D10: Dashattan | E10: Galaxy A | F10: Samm | G10: 0 | H10: car | I10: 2055-06-03T15:49:29.798239Z | J10: 2055-06-03T17:14:45.888Z | K10: 2055-06-03T17:01:32.888Z | L10: 1 | M10: 0 | N10: 2055-06-03T16:37:12.215405Z | O10: 2055-06-03T16:51:15.79938Z | P10: 2055-06-03T16:05:14.936934Z | Q10: 0 | R10: 2055-06-03T16:05:22.620426Z | S10: 2055-06-03T16:32:42.302357Z | U10: 56768 | V10: 4.6 | W10: 1500 | X10: 2753 | Y10: 1640 | Z10: 270 | AA10: 843 | AB10: 0 | AC10: 10 | AD10: late | AE10: 2055-06-03T12:37:12.215405Z | AF10: 2055-06-03T12:51:15.79938Z | AG10: 2055-06-03T12:05:14.936934Z | AH10: 2055-06-03T12:32:42.302357Z | AI10: 4.03 | AJ10: 505 | AK10: 1721 | AL10: 457
A11: 3 | B11: 4 | C11: 4050 | D11: Doorlanta | E11: Galaxy A | F11: Sal | G11: 0 | H11: car | I11: 2055-06-01T14:19:19.004452Z | J11: 2055-06-01T16:00:00Z | K11: 2055-06-01T16:00:00Z | L11: 0 | M11: 0 | N11: 2055-06-01T15:54:40.489099Z | O11: 2055-06-01T16:10:40.273128Z | P11: 2055-06-01T15:00:07.351144Z | Q11: 0 | R11: 2055-06-01T15:00:15.282234Z | U11: 56766 | V11: 2.7238308 | W11: 1000 | X11: 4225 | AA11: 960 | AB11: 0 | AC11: 7 | AE11: 2055-06-01T11:54:40.489099Z | AF11: 2055-06-01T12:10:40.273128Z | AG11: 2055-06-01T11:00:07.351144Z | AI11: 4.46 | AJ11: 349 | AK11: 779
A12: 613 | B12: 5 | C12: 4050 | D12: Doorlanta | E12: Galaxy A | F12: Kev | G12: 1 | H12: car | I12: 2055-06-05T20:29:49.293908Z | J12: 2055-06-05T21:57:03.367Z | K12: 2055-06-05T21:36:56.367Z | L12: 1 | M12: 0 | N12: 2055-06-05T21:00:53.690836Z | O12: 2055-06-05T21:25:21.417903Z | P12: 2055-06-05T20:47:07.290523Z | Q12: 0 | R12: 2055-06-05T20:47:13.383317Z | S12: 2055-06-05T20:55:06.423426Z | U12: 56770 | V12: 4.7 | W12: 1000 | X12: 2288 | Y12: 473 | Z12: 347 | AA12: 1468 | AB12: 0 | AC12: 16 | AD12: late | AE12: 2055-06-05T17:00:53.690836Z | AF12: 2055-06-05T17:25:21.417903Z | AG12: 2055-06-05T16:47:07.290523Z | AH12: 2055-06-05T16:55:06.423426Z | AI12: 4.7407407 | AJ12: 43 | AK12: 144 | AL12: 80
A13: 718 | C13: 4050 | D13: Doorlanta | E13: Galaxy A | F13: Matt | G13: 0 | H13: car | I13: 2055-06-06T01:27:59.301958Z | J13: 2055-06-06T16:00:00Z | K13: 2055-06-06T16:00:00Z | L13: 0 | M13: 0 | N13: 2055-06-06T15:49:55.135794Z | O13: 2055-06-06T16:03:24.394424Z | P13: 2055-06-06T15:00:07.288126Z | Q13: 0 | R13: 2055-06-06T15:00:26.211274Z | S13: 2055-06-06T15:12:18.023155Z | U13: 56771 | V13: 4.5 | W13: 1000 | X13: 3778 | Y13: 712 | Z13: 2257 | AA13: 809 | AB13: 0 | AC13: 10 | AD13: early | AE13: 2055-06-06T11:49:55.135794Z | AF13: 2055-06-06T12:03:24.394424Z | AG13: 2055-06-06T11:00:07.288126Z | AH13: 2055-06-06T11:12:18.023155Z | AI13: 4.22 | AJ13: 1551 | AK13: 4625
A14: 927 | C14: 4050 | D14: Doorlanta | E14: Galaxy A | F14: Jagar | G14: 0 | H14: car | I14: 2055-06-08T14:23:46.742847Z | J14: 2055-06-08T16:30:00Z | K14: 2055-06-08T16:30:00Z | L14: 0 | M14: 0 | N14: 2055-06-08T16:02:19.598742Z | O14: 2055-06-08T16:11:42.561344Z | P14: 2055-06-08T15:30:27.401737Z | Q14: 0 | R14: 2055-06-08T15:30:38.403377Z | S14: 2055-06-08T15:39:54.411513Z | U14: 56773 | V14: 4.6 | W14: 1000 | X14: 2464 | Y14: 556 | Z14: 1345 | AA14: 563 | AB14: 0 | AC14: 10 | AD14: early | AE14: 2055-06-08T12:02:19.598742Z | AF14: 2055-06-08T12:11:42.561344Z | AG14: 2055-06-08T11:30:27.401737Z | AH14: 2055-06-08T11:39:54.411513Z | AI14: 4.89 | AJ14: 1778 | AK14: 5138 | AL14: 314
A15: 286 | B15: 3 | C15: 4050 | D15: Doorlanta | E15: Galaxy A | F15: Ash | G15: 0 | H15: car | I15: 2055-06-03T16:25:31.409567Z | J15: 2055-06-03T17:38:49.501Z | K15: 2055-06-03T17:19:10.501Z | L15: 1 | M15: 0 | N15: 2055-06-03T16:59:05.379588Z | O15: 2055-06-03T17:35:42.669252Z | P15: 2055-06-03T16:31:27.371306Z | Q15: 0 | R15: 2055-06-03T16:31:36.262896Z | U15: 56768 | V15: 4.5 | W15: 1000 | X15: 3846 | AA15: 2197 | AB15: 0 | AC15: 7 | AE15: 2055-06-03T12:59:05.379588Z | AF15: 2055-06-03T13:35:42.669252Z | AG15: 2055-06-03T12:31:27.371306Z | AI15: 4.66 | AJ15: 161 | AK15: 398
A16: 94 | B16: 5 | C16: 4050 | D16: Doorlanta | E16: Galaxy A | F16: Codee | G16: 0 | H16: car | I16: 2055-06-02T00:15:53.163656Z | J16: 2055-06-02T01:08:11.244Z | K16: 2055-06-02T01:07:32.244Z | L16: 1 | M16: 0 | N16: 2055-06-02T00:38:51.274164Z | O16: 2055-06-02T01:03:19.778995Z | P16: 2055-06-02T00:16:07.373744Z | Q16: 0 | R16: 2055-06-02T00:16:34.50453Z | S16: 2055-06-02T00:29:31.141773Z | U16: 56766 | V16: 4.8 | W16: 1000 | X16: 2805 | Y16: 777 | Z16: 560 | AA16: 1468 | AB16: 0 | AC16: 12 | AD16: on time | AE16: 2055-06-01T20:38:51.274164Z | AF16: 2055-06-01T21:03:19.778995Z | AG16: 2055-06-01T20:16:07.373744Z | AH16: 2055-06-01T20:29:31.141773Z | AI16: 4.3670886 | AJ16: 59 | AK16: 198 | AL16: 42
A17: 113 | C17: 4050 | D17: Doorlanta | E17: Galaxy A | F17: Lauran | G17: 0 | H17: car | I17: 2055-06-02T14:14:13.014128Z | J17: 2055-06-02T21:15:00Z | K17: 2055-06-02T21:15:00Z | L17: 0 | M17: 0 | N17: 2055-06-02T21:02:45.912741Z | O17: 2055-06-02T21:18:03.029991Z | P17: 2055-06-02T20:18:47.339647Z | Q17: 0 | R17: 2055-06-02T20:18:56.228585Z | S17: 2055-06-02T20:44:38.50371Z | U17: 56767 | V17: 4.5 | W17: 1000 | X17: 3547 | Y17: 1542 | Z17: 1087 | AA17: 918 | AB17: 0 | AC17: 6 | AD17: late | AE17: 2055-06-02T17:02:45.912741Z | AF17: 2055-06-02T17:18:03.029991Z | AG17: 2055-06-02T16:18:47.339647Z | AH17: 2055-06-02T16:44:38.50371Z | AI17: 4.42 | AJ17: 1396 | AK17: 4836 | AL17: 1278
A18: 207 | B18: 1 | C18: 4001 | D18: Dashattan | E18: Galaxy A | F18: Ron | G18: 0 | H18: bicycle | I18: 2055-06-02T23:27:56.045622Z | J18: 2055-06-03T00:30:14.101Z | K18: 2055-06-03T00:10:35.101Z | L18: 1 | M18: 0 | N18: 2055-06-03T00:05:32.024913Z | O18: 2055-06-03T00:25:35.591672Z | P18: 2055-06-02T23:32:55.244404Z | Q18: 0 | R18: 2055-06-02T23:33:18.91934Z | S18: 2055-06-02T23:50:54.342973Z | U18: 56767 | V18: 4.4 | W18: 1000 | X18: 3137 | Y18: 1056 | Z18: 878 | AA18: 1203 | AB18: 0 | AC18: 10 | AD18: on time | AE18: 2055-06-02T20:05:32.024913Z | AF18: 2055-06-02T20:25:35.591672Z | AG18: 2055-06-02T19:32:55.244404Z | AH18: 2055-06-02T19:50:54.342973Z | AI18: 4.56 | AJ18: 765 | AK18: 2618
A19: 973 | C19: 4001 | D19: Dashattan | E19: Galaxy A | F19: Bret | G19: 0 | H19: car | I19: 2055-06-08T22:02:05.357188Z | J19: 2055-06-09T16:00:00Z | K19: 2055-06-09T16:00:00Z | L19: 0 | M19: 0 | N19: 2055-06-09T15:44:54.492375Z | O19: 2055-06-09T16:01:06.092165Z | P19: 2055-06-09T15:13:54.322888Z | Q19: 0 | R19: 2055-06-09T15:14:40.504938Z | S19: 2055-06-09T15:41:42.317635Z | U19: 56774 | V19: 4.3 | W19: 1000 | X19: 2786 | Y19: 1622 | Z19: 192 | AA19: 972 | AB19: 1 | AC19: 8 | AE19: 2055-06-09T11:44:54.492375Z | AF19: 2055-06-09T12:01:06.092165Z | AG19: 2055-06-09T11:13:54.322888Z | AH19: 2055-06-09T11:41:42.317635Z | AI19: 3.82 | AJ19: 174 | AK19: 773
A20: 485 | C20: 4050 | D20: Doorlanta | E20: Galaxy A | F20: Katelynn | G20: 0 | H20: car | I20: 2055-06-04T23:16:19.806926Z | J20: 2055-06-05T00:13:30.868Z | K20: 2055-06-04T23:58:51.868Z | L20: 1 | M20: 0 | N20: 2055-06-04T23:55:02.638822Z | O20: 2055-06-05T00:05:54.873885Z | P20: 2055-06-04T23:16:27.662725Z | Q20: 0 | R20: 2055-06-04T23:17:04.516324Z | S20: 2055-06-04T23:24:47.340345Z | U20: 56769 | V20: 4.6 | W20: 1000 | X20: 2930 | Y20: 463 | Z20: 1815 | AA20: 652 | AB20: 0 | AC20: 6 | AD20: early | AE20: 2055-06-04T19:55:02.638822Z | AF20: 2055-06-04T20:05:54.873885Z | AG20: 2055-06-04T19:16:27.662725Z | AH20: 2055-06-04T19:24:47.340345Z | AI20: 4.7 | AJ20: 1261 | AK20: 3264 | AL20: 232
A21: 827 | C21: 4001 | D21: Dashattan | E21: Galaxy A | F21: Bret | G21: 0 | H21: car | I21: 2055-06-07T13:50:11.106486Z | J21: 2055-06-07T14:30:17.169Z | K21: 2055-06-07T14:21:24.169Z | L21: 1 | M21: 0 | N21: 2055-06-07T14:33:35.994888Z | O21: 2055-06-07T14:57:30.713153Z | P21: 2055-06-07T13:50:14.118263Z | Q21: 0 | R21: 2055-06-07T13:50:18.103263Z | S21: 2055-06-07T13:50:33.323279Z | U21: 56772 | V21: 4.5 | W21: 1000 | X21: 4032 | Y21: 15 | Z21: 2582 | AA21: 1435 | AB21: 1 | AC21: 19 | AE21: 2055-06-07T10:33:35.994888Z | AF21: 2055-06-07T10:57:30.713153Z | AG21: 2055-06-07T09:50:14.118263Z | AH21: 2055-06-07T09:50:33.323279Z | AI21: 3.82 | AJ21: 174 | AK21: 773
A22: 949 | B22: 1 | C22: 4050 | D22: Doorlanta | E22: Galaxy A | F22: Cate | G22: 0 | H22: car | I22: 2055-06-08T17:03:58.423933Z | J22: 2055-06-08T17:58:58.49Z | K22: 2055-06-08T17:31:17.49Z | L22: 1 | M22: 0 | N22: 2055-06-08T17:30:42.284657Z | O22: 2055-06-08T17:40:38.362483Z | P22: 2055-06-08T17:04:07.323219Z | Q22: 0 | R22: 2055-06-08T17:04:15.588968Z | S22: 2055-06-08T17:19:16.893874Z | U22: 56773 | V22: 4.6 | W22: 1000 | X22: 2183 | Y22: 901 | Z22: 686 | AA22: 596 | AB22: 0 | AC22: 13 | AD22: on time | AE22: 2055-06-08T13:30:42.284657Z | AF22: 2055-06-08T13:40:38.362483Z | AG22: 2055-06-08T13:04:07.323219Z | AH22: 2055-06-08T13:19:16.893874Z | AI22: 4.49 | AJ22: 2315 | AK22: 7039 | AL22: 763
A23: 4 | B23: 5 | C23: 4050 | D23: Doorlanta | E23: Galaxy A | F23: Matt | G23: 0 | H23: car | I23: 2055-06-01T14:23:25.582144Z | J23: 2055-06-01T15:18:25.659Z | K23: 2055-06-01T14:56:28.659Z | L23: 1 | M23: 0 | N23: 2055-06-01T15:42:29.641268Z | O23: 2055-06-01T15:57:28.896504Z | P23: 2055-06-01T14:25:07.246323Z | Q23: 0 | R23: 2055-06-01T14:25:22.663283Z | S23: 2055-06-01T15:31:06.908633Z | U23: 56766 | V23: 4.3 | W23: 1000 | X23: 5526 | Y23: 3944 | Z23: 683 | AA23: 899 | AB23: 0 | AC23: 11 | AD23: late | AE23: 2055-06-01T11:42:29.641268Z | AF23: 2055-06-01T11:57:28.896504Z | AG23: 2055-06-01T10:25:07.246323Z | AH23: 2055-06-01T11:31:06.908633Z | AI23: 4.22 | AJ23: 1551 | AK23: 4625
A24: 1551 | B24: 4 | C24: 4001 | D24: Dashattan | E24: Galaxy A | F24: Sean | G24: 0 | H24: bicycle | I24: 2055-06-13T14:37:39.095965Z | J24: 2055-06-13T16:15:00Z | K24: 2055-06-13T16:15:00Z | L24: 0 | M24: 0 | N24: 2055-06-13T15:31:18.826114Z | O24: 2055-06-13T15:36:20.851883Z | P24: 2055-06-13T15:15:34.266911Z | Q24: 0 | R24: 2055-06-13T15:16:02.345147Z | S24: 2055-06-13T15:20:48.907935Z | U24: 56778 | V24: 4.4 | W24: 1000 | X24: 1218 | Y24: 286 | Z24: 630 | AA24: 302 | AB24: 0 | AC24: 12 | AD24: early | AE24: 2055-06-13T11:31:18.826114Z | AF24: 2055-06-13T11:36:20.851883Z | AG24: 2055-06-13T11:15:34.266911Z | AH24: 2055-06-13T11:20:48.907935Z | AI24: 4.52 | AJ24: 183 | AK24: 522
A25: 742 | C25: 4050 | D25: Doorlanta | E25: Galaxy A | F25: Katelynn | G25: 0 | H25: car | I25: 2055-06-06T16:41:15.731402Z | J25: 2055-06-06T17:46:09.803Z | K25: 2055-06-06T17:24:15.803Z | L25: 1 | M25: 0 | N25: 2055-06-06T17:22:53.925846Z | O25: 2055-06-06T17:44:01.921308Z | P25: 2055-06-06T16:51:07.274373Z | Q25: 0 | R25: 2055-06-06T16:51:11.550738Z | S25: 2055-06-06T17:08:32.499641Z | U25: 56771 | V25: 4.5 | W25: 1000 | X25: 3170 | Y25: 1041 | Z25: 861 | AA25: 1268 | AB25: 0 | AC25: 14 | AD25: late | AE25: 2055-06-06T13:22:53.925846Z | AF25: 2055-06-06T13:44:01.921308Z | AG25: 2055-06-06T12:51:07.274373Z | AH25: 2055-06-06T13:08:32.499641Z | AI25: 4.7 | AJ25: 1261 | AK25: 3264 | AL25: 232
A26: 361 | B26: 3 | C26: 4050 | D26: Doorlanta | E26: Galaxy A | F26: Lauran | G26: 0 | H26: car | I26: 2055-06-03T23:15:25.883303Z | J26: 2055-06-04T00:16:53.959Z | K26: 2055-06-03T23:58:00.959Z | L26: 1 | M26: 0 | N26: 2055-06-03T23:59:19.549565Z | O26: 2055-06-04T00:15:50.983126Z | P26: 2055-06-03T23:15:47.365112Z | Q26: 0 | R26: 2055-06-03T23:15:52.523686Z | S26: 2055-06-03T23:21:10.238683Z | U26: 56768 | V26: 4.5 | W26: 1000 | X26: 3598 | Y26: 318 | Z26: 2289 | AA26: 991 | AB26: 0 | AC26: 4 | AD26: early | AE26: 2055-06-03T19:59:19.549565Z | AF26: 2055-06-03T20:15:50.983126Z | AG26: 2055-06-03T19:15:47.365112Z | AH26: 2055-06-03T19:21:10.238683Z | AI26: 4.42 | AJ26: 1396 | AK26: 4836 | AL26: 1278
A27: 36 | C27: 4001 | D27: Dashattan | E27: Galaxy A | F27: KC | G27: 0 | H27: car | I27: 2055-06-01T21:01:04.209755Z | J27: 2055-06-02T15:30:00Z | K27: 2055-06-02T15:30:00Z | L27: 0 | M27: 0 | N27: 2055-06-02T14:48:48.937943Z | O27: 2055-06-02T15:08:40.224318Z | P27: 2055-06-02T14:30:14.230927Z | Q27: 0 | R27: 2055-06-02T14:30:28.58113Z | S27: 2055-06-02T14:41:27.462278Z | U27: 56767 | V27: 4.4 | W27: 1000 | X27: 2292 | Y27: 659 | Z27: 441 | AA27: 1192 | AB27: 0 | AC27: 11 | AD27: on time | AE27: 2055-06-02T10:48:48.937943Z | AF27: 2055-06-02T11:08:40.224318Z | AG27: 2055-06-02T10:30:14.230927Z | AH27: 2055-06-02T10:41:27.462278Z | AI27: 4.54 | AJ27: 2229 | AK27: 6580
A28: 271 | C28: 4001 | D28: Dashattan | E28: Galaxy A | F28: Sean | G28: 0 | H28: bicycle | I28: 2055-06-03T15:44:35.396375Z | J28: 2055-06-03T16:22:42.451Z | K28: 2055-06-03T16:13:49.451Z | L28: 1 | M28: 0 | N28: 2055-06-03T17:27:07.724355Z | O28: 2055-06-03T17:39:52.518053Z | P28: 2055-06-03T17:09:14.942128Z | Q28: 0 | R28: 2055-06-03T17:09:44.546634Z | S28: 2055-06-03T17:11:59.817956Z | U28: 56768 | V28: 3.4933989 | W28: 7500 | X28: 1808 | Y28: 135 | Z28: 908 | AA28: 765 | AB28: 1 | AC28: 13 | AE28: 2055-06-03T13:27:07.724355Z | AF28: 2055-06-03T13:39:52.518053Z | AG28: 2055-06-03T13:09:14.942128Z | AH28: 2055-06-03T13:11:59.817956Z | AI28: 4.52 | AJ28: 183 | AK28: 522
A29: 498 | C29: 4050 | D29: Doorlanta | E29: Galaxy A | F29: Josh | G29: 0 | H29: car | I29: 2055-06-04T23:56:30.589599Z | J29: 2055-06-05T00:50:13.651Z | K29: 2055-06-05T00:35:32.651Z | L29: 1 | M29: 0 | N29: 2055-06-05T00:26:50.434556Z | O29: 2055-06-05T00:39:33.904762Z | P29: 2055-06-05T00:06:07.281382Z | Q29: 0 | R29: 2055-06-05T00:06:15.726482Z | S29: 2055-06-05T00:14:42.058012Z | U29: 56769 | V29: 3.4317833 | W29: 7500 | X29: 1998 | Y29: 507 | Z29: 728 | AA29: 763 | AB29: 1 | AC29: 5 | AE29: 2055-06-04T20:26:50.434556Z | AF29: 2055-06-04T20:39:33.904762Z | AG29: 2055-06-04T20:06:07.281382Z | AH29: 2055-06-04T20:14:42.058012Z | AI29: 4.77 | AJ29: 426 | AK29: 1226 | AL29: 85
A30: 731 | B30: 5 | C30: 4050 | D30: Doorlanta | E30: Galaxy A | F30: Jagar | G30: 0 | H30: car | I30: 2055-06-06T15:49:17.745982Z | J30: 2055-06-06T16:44:17.827Z | K30: 2055-06-06T16:21:45.827Z | L30: 1 | M30: 0 | N30: 2055-06-06T16:26:31.887028Z | O30: 2055-06-06T16:34:36.268071Z | P30: 2055-06-06T15:49:27.327972Z | Q30: 0 | R30: 2055-06-06T15:49:37.74976Z | S30: 2055-06-06T15:53:49.370735Z | U30: 56771 | V30: 4.6 | W30: 7500 | X30: 2699 | Y30: 252 | Z30: 1962 | AA30: 485 | AB30: 0 | AC30: 8 | AD30: early | AE30: 2055-06-06T12:26:31.887028Z | AF30: 2055-06-06T12:34:36.268071Z | AG30: 2055-06-06T11:49:27.327972Z | AH30: 2055-06-06T11:53:49.370735Z | AI30: 4.89 | AJ30: 1778 | AK30: 5138 | AL30: 314
A31: 639 | C31: 4050 | D31: Doorlanta | E31: Galaxy A | F31: Abhai | G31: 0 | H31: car | I31: 2055-06-05T22:05:58.809237Z | J31: 2055-06-05T22:58:56.877Z | K31: 2055-06-05T22:48:49.877Z | L31: 1 | M31: 0 | N31: 2055-06-05T22:25:00.638806Z | O31: 2055-06-05T22:40:12.579445Z | P31: 2055-06-05T22:06:07.487224Z | Q31: 0 | R31: 2055-06-05T22:06:14.092196Z | S31: 2055-06-05T22:08:57.772749Z | U31: 56770 | V31: 4.7 | W31: 7500 | X31: 2038 | Y31: 163 | Z31: 963 | AA31: 912 | AB31: 0 | AC31: 10 | AD31: early | AE31: 2055-06-05T18:25:00.638806Z | AF31: 2055-06-05T18:40:12.579445Z | AG31: 2055-06-05T18:06:07.487224Z | AH31: 2055-06-05T18:08:57.772749Z | AI31: 4.56 | AJ31: 344 | AK31: 947 | AL31: 22
A32: 253 | B32: 5 | C32: 4001 | D32: Dashattan | E32: Galaxy A | F32: Sean | G32: 0 | H32: bicycle | I32: 2055-06-03T13:56:31.072849Z | J32: 2055-06-03T15:45:00Z | K32: 2055-06-03T15:45:00Z | L32: 0 | M32: 0 | N32: 2055-06-03T15:26:48.122122Z | O32: 2055-06-03T15:34:24.487833Z | P32: 2055-06-03T14:50:14.204932Z | Q32: 0 | R32: 2055-06-03T14:50:52.366967Z | S32: 2055-06-03T14:56:31.525702Z | U32: 56768 | V32: 4.5 | W32: 7500 | X32: 2612 | Y32: 339 | Z32: 1817 | AA32: 456 | AB32: 0 | AC32: 18 | AD32: on time | AE32: 2055-06-03T11:26:48.122122Z | AF32: 2055-06-03T11:34:24.487833Z | AG32: 2055-06-03T10:50:14.204932Z | AH32: 2055-06-03T10:56:31.525702Z | AI32: 4.52 | AJ32: 183 | AK32: 522
A33: 966 | C33: 4001 | D33: Dashattan | E33: Galaxy A | F33: Rojan | G33: 0 | H33: bicycle | I33: 2055-06-08T21:23:31.277345Z | J33: 2055-06-08T22:00:49.324Z | K33: 2055-06-08T21:55:42.324Z | L33: 1 | M33: 0 | N33: 2055-06-08T21:57:43.670453Z | O33: 2055-06-08T22:15:15.322664Z | P33: 2055-06-08T21:29:34.38399Z | Q33: 0 | R33: 2055-06-08T21:29:57.51361Z | S33: 2055-06-08T21:46:00.732833Z | U33: 56773 | V33: 4.678193 | W33: 7500 | X33: 2718 | Y33: 963 | Z33: 703 | AA33: 1052 | AB33: 0 | AC33: 7 | AD33: late | AE33: 2055-06-08T17:57:43.670453Z | AF33: 2055-06-08T18:15:15.322664Z | AG33: 2055-06-08T17:29:34.38399Z | AH33: 2055-06-08T17:46:00.732833Z | AI33: 4.58 | AJ33: 254 | AK33: 788 | AL33: 9
A34: 1448 | B34: 5 | C34: 4001 | D34: Dashattan | E34: Galaxy A | F34: KC | G34: 0 | H34: car | I34: 2055-06-12T20:55:40.497868Z | J34: 2055-06-12T21:58:09.551Z | K34: 2055-06-12T21:39:16.551Z | L34: 1 | M34: 1 | N34: 2055-06-12T21:30:24.37677Z | O34: 2055-06-12T21:37:36.409707Z | P34: 2055-06-12T20:55:54.415667Z | Q34: 0 | R34: 2055-06-12T20:56:21.054655Z | S34: 2055-06-12T21:00:45.112963Z | U34: 56777 | V34: 3.4125151 | W34: 7500 | X34: 2475 | Y34: 264 | Z34: 1779 | AA34: 432 | AB34: 0 | AC34: 23 | AD34: early | AE34: 2055-06-12T17:30:24.37677Z | AF34: 2055-06-12T17:37:36.409707Z | AG34: 2055-06-12T16:55:54.415667Z | AH34: 2055-06-12T17:00:45.112963Z | AI34: 4.54 | AJ34: 2229 | AK34: 6580
A35: 252 | C35: 4001 | D35: Dashattan | E35: Galaxy A | F35: KC | G35: 0 | H35: car | I35: 2055-06-03T13:53:40.299682Z | J35: 2055-06-03T14:35:59.38Z | K35: 2055-06-03T14:26:20.38Z | L35: 1 | M35: 0 | N35: 2055-06-03T14:24:22.267753Z | O35: 2055-06-03T14:41:08.49135Z | P35: 2055-06-03T14:00:19.017871Z | Q35: 1 | R35: 2055-06-03T14:00:36.072249Z | S35: 2055-06-03T14:11:10.316031Z | U35: 56768 | V35: 4.5 | W35: 7500 | X35: 2432 | Y35: 634 | Z35: 792 | AA35: 1006 | AB35: 1 | AC35: 16 | AE35: 2055-06-03T10:24:22.267753Z | AF35: 2055-06-03T10:41:08.49135Z | AG35: 2055-06-03T10:00:19.017871Z | AH35: 2055-06-03T10:11:10.316031Z | AI35: 4.54 | AJ35: 2229 | AK35: 6580
A36: 349 | B36: 5 | C36: 4050 | D36: Doorlanta | E36: Galaxy A | F36: Anisha | G36: 0 | H36: car | I36: 2055-06-03T22:33:56.344997Z | J36: 2055-06-03T23:36:22.418Z | K36: 2055-06-03T23:17:29.418Z | L36: 1 | M36: 0 | N36: 2055-06-03T22:56:12.623884Z | O36: 2055-06-03T23:12:59.845577Z | P36: 2055-06-03T22:34:07.37549Z | Q36: 0 | R36: 2055-06-03T22:34:12.598085Z | U36: 56768 | V36: 4.8 | W36: 7500 | X36: 2327 | AA36: 1007 | AB36: 0 | AC36: 17 | AE36: 2055-06-03T18:56:12.623884Z | AF36: 2055-06-03T19:12:59.845577Z | AG36: 2055-06-03T18:34:07.37549Z | AI36: 4.7 | AJ36: 272 | AK36: 931 | AL36: 144
A37: 528 | B37: 5 | C37: 4050 | D37: Doorlanta | E37: Galaxy A | F37: Cate | G37: 0 | H37: car | I37: 2055-06-05T01:34:44.099926Z | J37: 2055-06-05T02:29:44.21Z | K37: 2055-06-05T02:08:26.21Z | L37: 1 | M37: 0 | N37: 2055-06-05T02:11:24.746754Z | O37: 2055-06-05T02:23:03.370921Z | P37: 2055-06-05T01:44:47.367076Z | Q37: 0 | R37: 2055-06-05T01:44:51.191099Z | S37: 2055-06-05T02:05:03.516913Z | U37: 56769 | V37: 4.6 | W37: 7500 | X37: 2292 | Y37: 1212 | Z37: 381 | AA37: 699 | AB37: 0 | AC37: 7 | AD37: late | AE37: 2055-06-04T22:11:24.746754Z | AF37: 2055-06-04T22:23:03.370921Z | AG37: 2055-06-04T21:44:47.367076Z | AH37: 2055-06-04T22:05:03.516913Z | AI37: 4.49 | AJ37: 2315 | AK37: 7039 | AL37: 763
A38: 104 | C38: 4001 | D38: Dashattan | E38: Galaxy A | F38: Arya | G38: 0 | H38: bicycle | I38: 2055-06-02T01:20:42.291878Z | J38: 2055-06-02T02:10:22.35Z | K38: 2055-06-02T01:55:43.35Z | L38: 1 | M38: 0 | N38: 2055-06-02T01:43:03.031108Z | O38: 2055-06-02T01:51:41.123571Z | P38: 2055-06-02T01:26:54.526136Z | Q38: 0 | R38: 2055-06-02T01:27:36.185254Z | S38: 2055-06-02T01:38:52.584896Z | U38: 56766 | V38: 2.6975186 | W38: 7500 | X38: 1445 | Y38: 676 | Z38: 251 | AA38: 518 | AB38: 0 | AC38: 4 | AD38: on time | AE38: 2055-06-01T21:43:03.031108Z | AF38: 2055-06-01T21:51:41.123571Z | AG38: 2055-06-01T21:26:54.526136Z | AH38: 2055-06-01T21:38:52.584896Z | AI38: 4.17 | AJ38: 457 | AK38: 1599
A39: 195 | B39: 5 | C39: 4050 | D39: Doorlanta | E39: Galaxy A | F39: Hersh | G39: 0 | H39: car | I39: 2055-06-02T22:48:18.7991Z | J39: 2055-06-02T23:43:19.081Z | K39: 2055-06-02T23:22:19.081Z | L39: 1 | M39: 0 | N39: 2055-06-02T23:17:56.920722Z | O39: 2055-06-02T23:32:21.439285Z | P39: 2055-06-02T22:48:27.483323Z | Q39: 0 | R39: 2055-06-02T22:48:38.091622Z | S39: 2055-06-02T23:02:03.903694Z | U39: 56767 | V39: 4.7 | W39: 7500 | X39: 2623 | Y39: 805 | Z39: 953 | AA39: 865 | AB39: 0 | AC39: 5 | AD39: on time | AE39: 2055-06-02T19:17:56.920722Z | AF39: 2055-06-02T19:32:21.439285Z | AG39: 2055-06-02T18:48:27.483323Z | AH39: 2055-06-02T19:02:03.903694Z | AI39: 4.7 | AJ39: 212 | AK39: 624 | AL39: 347
A40: 735 | B40: 1 | C40: 4001 | D40: Dashattan | E40: Galaxy A | F40: Rojan | G40: 0 | H40: bicycle | I40: 2055-06-06T16:05:07.268663Z | J40: 2055-06-10T15:30:00Z | K40: 2055-06-10T15:30:00Z | L40: 0 | M40: 0 | N40: 2055-06-10T14:44:52.018664Z | O40: 2055-06-10T14:55:28.739002Z | P40: 2055-06-10T14:31:54.182274Z | Q40: 0 | R40: 2055-06-10T14:32:02.882878Z | S40: 2055-06-10T14:36:50.807189Z | U40: 56775 | V40: 4.5 | W40: 7500 | X40: 1406 | Y40: 288 | Z40: 482 | AA40: 636 | AB40: 0 | AC40: 6 | AD40: early | AE40: 2055-06-10T10:44:52.018664Z | AF40: 2055-06-10T10:55:28.739002Z | AG40: 2055-06-10T10:31:54.182274Z | AH40: 2055-06-10T10:36:50.807189Z | AI40: 4.58 | AJ40: 254 | AK40: 788 | AL40: 9
A41: 518 | B41: 5 | C41: 4050 | D41: Doorlanta | E41: Galaxy A | F41: Elon | G41: 0 | H41: car | I41: 2055-06-05T00:56:04.766366Z | J41: 2055-06-05T01:54:06.849Z | K41: 2055-06-05T01:47:12.849Z | L41: 1 | M41: 0 | N41: 2055-06-05T02:00:51.837178Z | O41: 2055-06-05T02:20:03.635668Z | P41: 2055-06-05T01:09:07.411357Z | Q41: 0 | R41: 2055-06-05T01:09:25.078358Z | S41: 2055-06-05T01:15:39.081256Z | U41: 56769 | V41: 4 | W41: 7500 | X41: 4238 | Y41: 374 | Z41: 2712 | AA41: 1152 | AB41: 1 | AC41: 8 | AE41: 2055-06-04T22:00:51.837178Z | AF41: 2055-06-04T22:20:03.635668Z | AG41: 2055-06-04T21:09:07.411357Z | AH41: 2055-06-04T21:15:39.081256Z | AI41: 4.62 | AJ41: 259 | AK41: 604 | AL41: 21
A42: 826 | B42: 3 | C42: 4050 | D42: Doorlanta | E42: Galaxy A | F42: Elon | G42: 0 | H42: car | I42: 2055-06-07T13:35:40.476432Z | J42: 2055-06-07T16:00:00Z | K42: 2055-06-07T16:00:00Z | L42: 0 | M42: 0 | N42: 2055-06-07T15:42:08.992546Z | O42: 2055-06-07T15:58:15.312059Z | P42: 2055-06-07T15:00:07.364067Z | Q42: 0 | R42: 2055-06-07T15:00:22.114565Z | U42: 56772 | V42: 4.6 | W42: 7500 | X42: 3473 | AA42: 967 | AB42: 0 | AC42: 5 | AE42: 2055-06-07T11:42:08.992546Z | AF42: 2055-06-07T11:58:15.312059Z | AG42: 2055-06-07T11:00:07.364067Z | AI42: 4.62 | AJ42: 259 | AK42: 604 | AL42: 21
A43: 625 | C43: 4050 | D43: Doorlanta | E43: Galaxy A | F43: Benn | G43: 0 | H43: car | I43: 2055-06-05T21:33:17.842122Z | J43: 2055-06-05T22:23:17.897Z | K43: 2055-06-05T22:03:40.897Z | L43: 1 | M43: 0 | N43: 2055-06-05T22:02:11.765254Z | O43: 2055-06-05T22:09:08.000665Z | P43: 2055-06-05T21:33:27.372403Z | Q43: 0 | R43: 2055-06-05T21:33:39.281602Z | S43: 2055-06-05T21:41:07.424411Z | U43: 56770 | V43: 4.7 | W43: 7500 | X43: 2129 | Y43: 448 | Z43: 1264 | AA43: 417 | AB43: 0 | AC43: 7 | AD43: early | AE43: 2055-06-05T18:02:11.765254Z | AF43: 2055-06-05T18:09:08.000665Z | AG43: 2055-06-05T17:33:27.372403Z | AH43: 2055-06-05T17:41:07.424411Z | AI43: 4.63 | AJ43: 241 | AK43: 995 | AL43: 626
A44: 587 | C44: 4050 | D44: Doorlanta | E44: Galaxy A | F44: Elon | G44: 0 | H44: car | I44: 2055-06-05T18:25:57.59864Z | J44: 2055-06-05T19:29:46.673Z | K44: 2055-06-05T19:06:28.673Z | L44: 1 | M44: 0 | N44: 2055-06-05T18:49:53.659536Z | O44: 2055-06-05T19:15:19.46806Z | P44: 2055-06-05T18:30:27.341135Z | Q44: 0 | R44: 2055-06-05T18:30:34.123529Z | S44: 2055-06-05T18:41:22.058908Z | U44: 56770 | V44: 4.5 | W44: 7500 | X44: 2685 | Y44: 648 | Z44: 511 | AA44: 1526 | AB44: 1 | AC44: 8 | AE44: 2055-06-05T14:49:53.659536Z | AF44: 2055-06-05T15:15:19.46806Z | AG44: 2055-06-05T14:30:27.341135Z | AH44: 2055-06-05T14:41:22.058908Z | AI44: 4.62 | AJ44: 259 | AK44: 604 | AL44: 21
A45: 547 | C45: 4001 | D45: Dashattan | E45: Galaxy A | F45: Samm | G45: 0 | H45: car | I45: 2055-06-05T14:45:11.325945Z | J45: 2055-06-05T16:15:00Z | K45: 2055-06-05T16:15:00Z | L45: 0 | M45: 0 | N45: 2055-06-05T15:57:07.738264Z | O45: 2055-06-05T16:09:02.354991Z | P45: 2055-06-05T15:15:34.245712Z | Q45: 0 | R45: 2055-06-05T15:15:38.415009Z | S45: 2055-06-05T15:24:05.299638Z | U45: 56770 | V45: 4.7 | W45: 7500 | X45: 3204 | Y45: 507 | Z45: 1982 | AA45: 715 | AB45: 1 | AC45: 5 | AE45: 2055-06-05T11:57:07.738264Z | AF45: 2055-06-05T12:09:02.354991Z | AG45: 2055-06-05T11:15:34.245712Z | AH45: 2055-06-05T11:24:05.299638Z | AI45: 4.03 | AJ45: 505 | AK45: 1721 | AL45: 457
A46: 923 | B46: 5 | C46: 4050 | D46: Doorlanta | E46: Galaxy A | F46: Ash | G46: 0 | H46: car | I46: 2055-06-08T13:04:45.506723Z | J46: 2055-06-08T16:30:00Z | K46: 2055-06-08T16:30:00Z | L46: 0 | M46: 0 | N46: 2055-06-08T16:08:56.447868Z | O46: 2055-06-08T16:28:32.697856Z | P46: 2055-06-08T15:30:27.489897Z | Q46: 0 | R46: 2055-06-08T15:30:43.671048Z | S46: 2055-06-08T15:51:07.390628Z | U46: 56773 | V46: 4.6 | W46: 7500 | X46: 3469 | Y46: 1224 | Z46: 1069 | AA46: 1176 | AB46: 0 | AC46: 8 | AD46: late | AE46: 2055-06-08T12:08:56.447868Z | AF46: 2055-06-08T12:28:32.697856Z | AG46: 2055-06-08T11:30:27.489897Z | AH46: 2055-06-08T11:51:07.390628Z | AI46: 4.66 | AJ46: 161 | AK46: 398
A47: 139 | B47: 1 | C47: 4050 | D47: Doorlanta | E47: Galaxy A | F47: Cate | G47: 0 | H47: car | I47: 2055-06-02T16:23:39.870178Z | J47: 2055-06-02T17:18:39.948Z | K47: 2055-06-02T16:53:15.948Z | L47: 1 | M47: 0 | N47: 2055-06-02T17:06:00.894237Z | O47: 2055-06-02T17:19:58.643543Z | P47: 2055-06-02T16:23:47.45849Z | Q47: 0 | R47: 2055-06-02T16:23:55.564945Z | S47: 2055-06-02T16:30:32.20049Z | U47: 56767 | V47: 4.6 | W47: 7500 | X47: 3363 | Y47: 397 | Z47: 2128 | AA47: 838 | AB47: 0 | AC47: 6 | AD47: early | AE47: 2055-06-02T13:06:00.894237Z | AF47: 2055-06-02T13:19:58.643543Z | AG47: 2055-06-02T12:23:47.45849Z | AH47: 2055-06-02T12:30:32.20049Z | AI47: 4.49 | AJ47: 2315 | AK47: 7039 | AL47: 763
A48: 696 | C48: 4001 | D48: Dashattan | E48: Galaxy A | F48: KC | G48: 0 | H48: car | I48: 2055-06-06T00:11:13.372932Z | J48: 2055-06-06T01:24:29.438Z | K48: 2055-06-06T01:02:35.438Z | L48: 1 | M48: 0 | N48: 2055-06-06T01:18:10.892174Z | O48: 2055-06-06T01:32:00.23386Z | P48: 2055-06-06T00:50:34.154514Z | Q48: 0 | R48: 2055-06-06T00:50:52.746002Z | S48: 2055-06-06T01:03:11.792284Z | U48: 56770 | V48: 4.2 | W48: 7500 | X48: 2468 | Y48: 739 | Z48: 899 | AA48: 830 | AB48: 1 | AC48: 13 | AE48: 2055-06-05T21:18:10.892174Z | AF48: 2055-06-05T21:32:00.23386Z | AG48: 2055-06-05T20:50:34.154514Z | AH48: 2055-06-05T21:03:11.792284Z | AI48: 4.54 | AJ48: 2229 | AK48: 6580
A49: 68 | C49: 4050 | D49: Doorlanta | E49: Galaxy A | F49: Jagar | G49: 0 | H49: car | I49: 2055-06-01T22:46:47.260546Z | J49: 2055-06-01T23:51:33.343Z | K49: 2055-06-01T23:31:26.343Z | L49: 1 | M49: 0 | N49: 2055-06-01T23:18:06.706964Z | O49: 2055-06-01T23:26:54.876894Z | P49: 2055-06-01T22:47:07.507745Z | Q49: 0 | R49: 2055-06-01T22:47:10.792787Z | S49: 2055-06-01T23:11:06.637286Z | U49: 56766 | V49: 4.7 | W49: 7500 | X49: 2384 | Y49: 1436 | Z49: 420 | AA49: 528 | AB49: 0 | AC49: 10 | AD49: late | AE49: 2055-06-01T19:18:06.706964Z | AF49: 2055-06-01T19:26:54.876894Z | AG49: 2055-06-01T18:47:07.507745Z | AH49: 2055-06-01T19:11:06.637286Z | AI49: 4.89 | AJ49: 1778 | AK49: 5138 | AL49: 314
A50: 387 | C50: 4001 | D50: Dashattan | E50: Galaxy A | F50: KC | G50: 0 | H50: car | I50: 2055-06-04T01:02:02.615636Z | J50: 2055-06-04T02:14:04.68Z | K50: 2055-06-04T01:49:23.68Z | L50: 1 | M50: 0 | N50: 2055-06-04T01:35:57.380742Z | O50: 2055-06-04T01:53:38.08847Z | P50: 2055-06-04T01:19:35.240112Z | Q50: 0 | R50: 2055-06-04T01:19:53.428989Z | S50: 2055-06-04T01:32:45.020154Z | U50: 56768 | V50: 4.6 | W50: 7500 | X50: 2025 | Y50: 772 | Z50: 192 | AA50: 1061 | AB50: 0 | AC50: 4 | AD50: late | AE50: 2055-06-03T21:35:57.380742Z | AF50: 2055-06-03T21:53:38.08847Z | AG50: 2055-06-03T21:19:35.240112Z | AH50: 2055-06-03T21:32:45.020154Z | AI50: 4.54 | AJ50: 2229 | AK50: 6580
A51: 93 | B51: 5 | C51: 4050 | D51: Doorlanta | E51: Galaxy A | F51: Lauran | G51: 0 | H51: car | I51: 2055-06-02T00:13:23.522925Z | J51: 2055-06-02T01:49:37.605Z | K51: 2055-06-02T01:21:24.605Z | L51: 1 | M51: 0 | N51: 2055-06-02T01:08:21.293046Z | O51: 2055-06-02T01:25:05.126543Z | P51: 2055-06-02T00:20:52.44522Z | Q51: 1 | R51: 2055-06-02T00:21:34.869675Z | U51: 56766 | V51: 4.8 | W51: 7500 | X51: 3811 | AA51: 1004 | AB51: 0 | AC51: 6 | AE51: 2055-06-01T21:08:21.293046Z | AF51: 2055-06-01T21:25:05.126543Z | AG51: 2055-06-01T20:20:52.44522Z | AI51: 4.42 | AJ51: 1396 | AK51: 4836 | AL51: 1278
A52: 21 | B52: 5 | C52: 4050 | D52: Doorlanta | E52: Galaxy A | F52: Katelynn | G52: 0 | H52: car | I52: 2055-06-01T16:32:00.190923Z | J52: 2055-06-01T17:27:00.276Z | K52: 2055-06-01T17:05:25.276Z | L52: 1 | M52: 0 | N52: 2055-06-01T17:15:31.839159Z | O52: 2055-06-01T17:23:02.296878Z | P52: 2055-06-01T16:32:07.34231Z | Q52: 0 | R52: 2055-06-01T16:32:25.467439Z | S52: 2055-06-01T16:37:43.124217Z | U52: 56766 | V52: 4.6 | W52: 6500 | X52: 3037 | Y52: 318 | Z52: 2268 | AA52: 451 | AB52: 0 | AC52: 8 | AD52: early | AE52: 2055-06-01T13:15:31.839159Z | AF52: 2055-06-01T13:23:02.296878Z | AG52: 2055-06-01T12:32:07.34231Z | AH52: 2055-06-01T12:37:43.124217Z | AI52: 4.7 | AJ52: 1261 | AK52: 3264 | AL52: 232
A53: 697 | C53: 4001 | D53: Dashattan | E53: Galaxy A | F53: Bunje | G53: 0 | H53: bicycle | I53: 2055-06-06T00:16:13.64433Z | J53: 2055-06-06T01:12:24.715Z | K53: 2055-06-06T00:55:30.715Z | L53: 1 | M53: 0 | N53: 2055-06-06T00:54:10.764549Z | O53: 2055-06-06T01:21:05.214767Z | P53: 2055-06-06T00:27:58.105895Z | Q53: 0 | R53: 2055-06-06T00:29:37.628435Z | S53: 2055-06-06T00:38:14.733136Z | U53: 56770 | V53: 3.8 | W53: 6500 | X53: 3088 | Y53: 517 | Z53: 956 | AA53: 1615 | AB53: 0 | AC53: 5 | AD53: on time | AE53: 2055-06-05T20:54:10.764549Z | AF53: 2055-06-05T21:21:05.214767Z | AG53: 2055-06-05T20:27:58.105895Z | AH53: 2055-06-05T20:38:14.733136Z | AI53: 4.7 | AJ53: 443 | AK53: 1579
A54: 916 | B54: 5 | C54: 4001 | D54: Dashattan | E54: Galaxy A | F54: Rojan | G54: 0 | H54: bicycle | I54: 2055-06-08T02:44:18.970564Z | J54: 2055-06-08T03:37:05.035Z | K54: 2055-06-08T03:18:12.035Z | L54: 1 | M54: 0 | N54: 2055-06-08T03:09:29.209757Z | O54: 2055-06-08T03:17:19.207427Z | P54: 2055-06-08T02:47:54.153946Z | Q54: 0 | R54: 2055-06-08T02:48:11.617319Z | S54: 2055-06-08T02:54:48.401737Z | U54: 56772 | V54: 3.6558415 | W54: 6500 | X54: 1748 | Y54: 397 | Z54: 881 | AA54: 470 | AB54: 0 | AC54: 5 | AD54: early | AE54: 2055-06-07T23:09:29.209757Z | AF54: 2055-06-07T23:17:19.207427Z | AG54: 2055-06-07T22:47:54.153946Z | AH54: 2055-06-07T22:54:48.401737Z | AI54: 4.58 | AJ54: 254 | AK54: 788 | AL54: 9
A55: 900 | B55: 5 | C55: 4050 | D55: Doorlanta | E55: Galaxy A | F55: Cate | G55: 0 | H55: car | I55: 2055-06-08T00:10:35.39634Z | J55: 2055-06-08T01:05:35.44Z | K55: 2055-06-08T00:44:20.44Z | L55: 1 | M55: 0 | N55: 2055-06-08T00:49:05.761166Z | O55: 2055-06-08T01:02:08.762098Z | P55: 2055-06-08T00:32:07.271057Z | Q55: 0 | R55: 2055-06-08T00:32:10.941452Z | U55: 56772 | V55: 4.7 | W55: 6500 | X55: 1798 | AA55: 783 | AB55: 0 | AC55: 10 | AE55: 2055-06-07T20:49:05.761166Z | AF55: 2055-06-07T21:02:08.762098Z | AG55: 2055-06-07T20:32:07.271057Z | AI55: 4.49 | AJ55: 2315 | AK55: 7039 | AL55: 763
A56: 895 | B56: 5 | C56: 4050 | D56: Doorlanta | E56: Galaxy A | F56: Jagar | G56: 0 | H56: car | I56: 2055-06-07T23:36:57.164888Z | J56: 2055-06-08T00:36:38.229Z | K56: 2055-06-08T00:14:44.229Z | L56: 1 | M56: 0 | N56: 2055-06-08T00:08:25.479719Z | O56: 2055-06-08T00:16:00.92842Z | P56: 2055-06-07T23:46:47.460743Z | Q56: 0 | R56: 2055-06-07T23:47:20.889143Z | S56: 2055-06-08T00:03:43.859043Z | U56: 56772 | V56: 4.6 | W56: 6500 | X56: 1720 | Y56: 983 | Z56: 282 | AA56: 455 | AB56: 0 | AC56: 4 | AD56: late | AE56: 2055-06-07T20:08:25.479719Z | AF56: 2055-06-07T20:16:00.92842Z | AG56: 2055-06-07T19:46:47.460743Z | AH56: 2055-06-07T20:03:43.859043Z | AI56: 4.89 | AJ56: 1778 | AK56: 5138 | AL56: 314
A57: 451 | C57: 4050 | D57: Doorlanta | E57: Galaxy A | F57: Joe | G57: 0 | H57: car | I57: 2055-06-04T21:40:13.542469Z | J57: 2055-06-04T22:55:20.61Z | K57: 2055-06-04T22:35:13.61Z | L57: 1 | M57: 0 | N57: 2055-06-04T22:14:20.425752Z | O57: 2055-06-04T22:36:53.361516Z | P57: 2055-06-04T21:44:27.324717Z | Q57: 0 | R57: 2055-06-04T21:44:30.62756Z | S57: 2055-06-04T21:55:31.979825Z | U57: 56769 | V57: 4.7 | W57: 6500 | X57: 3143 | Y57: 661 | Z57: 1129 | AA57: 1353 | AB57: 0 | AC57: 8 | AD57: early | AE57: 2055-06-04T18:14:20.425752Z | AF57: 2055-06-04T18:36:53.361516Z | AG57: 2055-06-04T17:44:27.324717Z | AH57: 2055-06-04T17:55:31.979825Z | AI57: 4.38 | AJ57: 196 | AK57: 626
A58: 184 | C58: 4001 | D58: Dashattan | E58: Galaxy A | F58: J | G58: 0 | H58: bicycle | I58: 2055-06-02T22:19:38.751271Z | J58: 2055-06-02T23:10:59.817Z | K58: 2055-06-02T22:51:20.817Z | L58: 1 | M58: 0 | N58: 2055-06-02T22:40:48.981626Z | O58: 2055-06-02T23:19:03.298803Z | P58: 2055-06-02T22:23:14.505442Z | Q58: 0 | R58: 2055-06-02T22:23:40.398542Z | S58: 2055-06-02T22:43:11.100575Z | U58: 56767 | V58: 4.018334 | W58: 6500 | X58: 3323 | Y58: 1171 | AA58: 2295 | AB58: 0 | AC58: 4 | AD58: late | AE58: 2055-06-02T18:40:48.981626Z | AF58: 2055-06-02T19:19:03.298803Z | AG58: 2055-06-02T18:23:14.505442Z | AH58: 2055-06-02T18:43:11.100575Z | AI58: 4.6 | AJ58: 292 | AK58: 1027 | AL58: 26
A59: 209 | B59: 5 | C59: 4050 | D59: Doorlanta | E59: Galaxy A | F59: Hersh | G59: 0 | H59: car | I59: 2055-06-02T23:31:03.720495Z | J59: 2055-06-03T00:39:45.782Z | K59: 2055-06-03T00:17:51.782Z | L59: 1 | M59: 0 | N59: 2055-06-02T23:47:19.005997Z | O59: 2055-06-03T00:04:57.736102Z | P59: 2055-06-02T23:40:07.512635Z | Q59: 0 | R59: 2055-06-02T23:40:44.932591Z | S59: 2055-06-02T23:43:57.310416Z | U59: 56767 | V59: 4.8 | W59: 6500 | X59: 1453 | Y59: 193 | Z59: 202 | AA59: 1058 | AB59: 0 | AC59: 6 | AD59: on time | AE59: 2055-06-02T19:47:19.005997Z | AF59: 2055-06-02T20:04:57.736102Z | AG59: 2055-06-02T19:40:07.512635Z | AH59: 2055-06-02T19:43:57.310416Z | AI59: 4.7 | AJ59: 212 | AK59: 624 | AL59: 347
A60: 644 | B60: 5 | C60: 4050 | D60: Doorlanta | E60: Galaxy A | F60: Katelynn | G60: 0 | H60: car | I60: 2055-06-05T22:15:37.478049Z | J60: 2055-06-05T23:20:59.534Z | K60: 2055-06-05T23:00:52.534Z | L60: 1 | M60: 0 | N60: 2055-06-05T23:07:16.550032Z | O60: 2055-06-05T23:17:03.021023Z | P60: 2055-06-05T22:48:07.357576Z | Q60: 0 | R60: 2055-06-05T22:48:16.502791Z | S60: 2055-06-05T22:58:34.13283Z | U60: 56770 | V60: 4.7 | W60: 6500 | X60: 1727 | Y60: 618 | Z60: 522 | AA60: 587 | AB60: 0 | AC60: 5 | AD60: late | AE60: 2055-06-05T19:07:16.550032Z | AF60: 2055-06-05T19:17:03.021023Z | AG60: 2055-06-05T18:48:07.357576Z | AH60: 2055-06-05T18:58:34.13283Z | AI60: 4.7 | AJ60: 1261 | AK60: 3264 | AL60: 232
A61: 1153 | C61: 4001 | D61: Dashattan | E61: Galaxy A | F61: Barry | G61: 0 | H61: bicycle | I61: 2055-06-10T18:43:25.348342Z | J61: 2055-06-10T19:55:02.407Z | K61: 2055-06-10T19:35:23.407Z | L61: 1 | M61: 0 | N61: 2055-06-10T19:22:32.264328Z | O61: 2055-06-10T19:22:43.512395Z | P61: 2055-06-10T18:43:34.280761Z | Q61: 0 | R61: 2055-06-10T18:44:19.462451Z | S61: 2055-06-10T18:54:58.647007Z | U61: 56775 | V61: 4.3 | W61: 6500 | X61: 2304 | Y61: 639 | Z61: 1654 | AA61: 11 | AB61: 0 | AC61: 12 | AD61: early | AE61: 2055-06-10T15:22:32.264328Z | AF61: 2055-06-10T15:22:43.512395Z | AG61: 2055-06-10T14:43:34.280761Z | AH61: 2055-06-10T14:54:58.647007Z | AI61: 4.72 | AJ61: 141 | AK61: 418 | AL61: 90
A62: 753 | B62: 5 | C62: 4050 | D62: Doorlanta | E62: Galaxy A | F62: Abhai | G62: 0 | H62: car | I62: 2055-06-06T17:59:10.761118Z | J62: 2055-06-06T18:51:49.854Z | K62: 2055-06-06T18:42:56.854Z | L62: 1 | M62: 0 | N62: 2055-06-06T18:19:42.450215Z | O62: 2055-06-06T18:34:13.622679Z | P62: 2055-06-06T17:59:27.389191Z | Q62: 0 | R62: 2055-06-06T17:59:33.336408Z | S62: 2055-06-06T18:04:16.345205Z | U62: 56771 | V62: 4.5 | W62: 6500 | X62: 2080 | Y62: 283 | Z62: 926 | AA62: 871 | AB62: 0 | AC62: 9 | AD62: early | AE62: 2055-06-06T14:19:42.450215Z | AF62: 2055-06-06T14:34:13.622679Z | AG62: 2055-06-06T13:59:27.389191Z | AH62: 2055-06-06T14:04:16.345205Z | AI62: 4.56 | AJ62: 344 | AK62: 947 | AL62: 22
A63: 49 | B63: 2 | C63: 4001 | D63: Dashattan | E63: Galaxy A | F63: Bunje | G63: 0 | H63: bicycle | I63: 2055-06-01T21:52:30.784067Z | J63: 2055-06-01T22:33:13.848Z | K63: 2055-06-01T22:28:06.848Z | L63: 1 | M63: 0 | N63: 2055-06-01T22:11:13.91143Z | O63: 2055-06-01T22:23:01.162074Z | P63: 2055-06-01T21:54:54.481371Z | Q63: 0 | R63: 2055-06-01T21:55:01.292138Z | S63: 2055-06-01T22:08:12.056468Z | U63: 56766 | V63: 3.7 | W63: 6500 | X63: 1680 | Y63: 791 | Z63: 181 | AA63: 708 | AB63: 0 | AC63: 5 | AD63: on time | AE63: 2055-06-01T18:11:13.91143Z | AF63: 2055-06-01T18:23:01.162074Z | AG63: 2055-06-01T17:54:54.481371Z | AH63: 2055-06-01T18:08:12.056468Z | AI63: 4.7 | AJ63: 443 | AK63: 1579
A64: 493 | C64: 4001 | D64: Dashattan | E64: Galaxy A | F64: Rojan | G64: 0 | H64: bicycle | I64: 2055-06-04T23:36:52.842591Z | J64: 2055-06-05T00:35:00.886Z | K64: 2055-06-05T00:15:21.886Z | L64: 1 | M64: 0 | N64: 2055-06-04T23:55:27.598237Z | O64: 2055-06-05T00:02:08.20302Z | P64: 2055-06-04T23:45:55.271653Z | Q64: 0 | R64: 2055-06-04T23:46:13.836097Z | S64: 2055-06-04T23:55:30.301966Z | U64: 56769 | V64: 4.5 | W64: 6500 | X64: 955 | Y64: 557 | AA64: 401 | AB64: 0 | AC64: 5 | AD64: on time | AE64: 2055-06-04T19:55:27.598237Z | AF64: 2055-06-04T20:02:08.20302Z | AG64: 2055-06-04T19:45:55.271653Z | AH64: 2055-06-04T19:55:30.301966Z | AI64: 4.58 | AJ64: 254 | AK64: 788 | AL64: 9
A65: 446 | C65: 4050 | D65: Doorlanta | E65: Galaxy A | F65: Katelynn | G65: 0 | H65: car | I65: 2055-06-04T20:59:55.521685Z | J65: 2055-06-04T22:00:16.604Z | K65: 2055-06-04T21:40:37.604Z | L65: 1 | M65: 0 | N65: 2055-06-04T21:25:11.982236Z | O65: 2055-06-04T21:37:01.356024Z | P65: 2055-06-04T21:00:07.307776Z | Q65: 0 | R65: 2055-06-04T21:00:25.314855Z | S65: 2055-06-04T21:06:42.01144Z | U65: 56769 | V65: 4.6 | W65: 6500 | X65: 2196 | Y65: 377 | Z65: 1109 | AA65: 710 | AB65: 0 | AC65: 9 | AD65: early | AE65: 2055-06-04T17:25:11.982236Z | AF65: 2055-06-04T17:37:01.356024Z | AG65: 2055-06-04T17:00:07.307776Z | AH65: 2055-06-04T17:06:42.01144Z | AI65: 4.7 | AJ65: 1261 | AK65: 3264 | AL65: 232
A66: 725 | B66: 3 | C66: 4050 | D66: Doorlanta | E66: Galaxy A | F66: Hersh | G66: 0 | H66: car | I66: 2055-06-06T15:05:25.459475Z | J66: 2055-06-06T16:00:14.544Z | K66: 2055-06-06T15:46:21.544Z | L66: 1 | M66: 0 | N66: 2055-06-06T15:44:30.468484Z | O66: 2055-06-06T16:10:46.236266Z | P66: 2055-06-06T15:07:47.313751Z | Q66: 0 | R66: 2055-06-06T15:07:52.64183Z | S66: 2055-06-06T15:15:41.307219Z | U66: 56771 | V66: 4.5 | W66: 6500 | X66: 3774 | Y66: 469 | Z66: 1729 | AA66: 1576 | AB66: 0 | AC66: 7 | AD66: on time | AE66: 2055-06-06T11:44:30.468484Z | AF66: 2055-06-06T12:10:46.236266Z | AG66: 2055-06-06T11:07:47.313751Z | AH66: 2055-06-06T11:15:41.307219Z | AI66: 4.7 | AJ66: 212 | AK66: 624 | AL66: 347
A67: 462 | C67: 4050 | D67: Doorlanta | E67: Galaxy A | F67: Elon | G67: 0 | H67: car | I67: 2055-06-04T22:25:30.06828Z | J67: 2055-06-04T23:15:30.133Z | K67: 2055-06-04T22:58:27.133Z | L67: 1 | M67: 0 | N67: 2055-06-04T22:57:32.563339Z | O67: 2055-06-04T23:11:43.406425Z | P67: 2055-06-04T22:34:07.414821Z | Q67: 0 | R67: 2055-06-04T22:34:17.332937Z | S67: 2055-06-04T22:43:37.708015Z | U67: 56769 | V67: 4.7 | W67: 6500 | X67: 2246 | Y67: 560 | Z67: 835 | AA67: 851 | AB67: 0 | AC67: 5 | AD67: late | AE67: 2055-06-04T18:57:32.563339Z | AF67: 2055-06-04T19:11:43.406425Z | AG67: 2055-06-04T18:34:07.414821Z | AH67: 2055-06-04T18:43:37.708015Z | AI67: 4.62 | AJ67: 259 | AK67: 604 | AL67: 21
A68: 127 | C68: 4050 | D68: Doorlanta | E68: Galaxy A | F68: Joe | G68: 0 | H68: car | I68: 2055-06-02T15:36:46.463127Z | J68: 2055-06-02T16:42:38.538Z | K68: 2055-06-02T16:23:45.538Z | L68: 1 | M68: 0 | N68: 2055-06-02T16:30:57.686404Z | O68: 2055-06-02T16:49:39.244719Z | P68: 2055-06-02T15:39:07.319652Z | Q68: 0 | R68: 2055-06-02T15:39:19.588675Z | S68: 2055-06-02T16:28:17.831141Z | U68: 56767 | V68: 4.5 | W68: 6500 | X68: 4220 | Y68: 2938 | Z68: 160 | AA68: 1122 | AB68: 0 | AC68: 7 | AD68: late | AE68: 2055-06-02T12:30:57.686404Z | AF68: 2055-06-02T12:49:39.244719Z | AG68: 2055-06-02T11:39:07.319652Z | AH68: 2055-06-02T12:28:17.831141Z | AI68: 4.38 | AJ68: 196 | AK68: 626
A69: 153 | C69: 4050 | D69: Doorlanta | E69: Galaxy A | F69: Ash | G69: 0 | H69: car | I69: 2055-06-02T18:40:01.798815Z | J69: 2055-06-02T19:35:01.899Z | K69: 2055-06-02T19:14:37.899Z | L69: 1 | M69: 0 | N69: 2055-06-02T19:09:43.849404Z | O69: 2055-06-02T19:40:11.024336Z | P69: 2055-06-02T18:46:07.706514Z | Q69: 0 | R69: 2055-06-02T18:46:47.014582Z | S69: 2055-06-02T18:59:15.836887Z | U69: 56767 | V69: 4.6 | W69: 6500 | X69: 3204 | Y69: 748 | Z69: 628 | AA69: 1828 | AB69: 0 | AC69: 9 | AD69: on time | AE69: 2055-06-02T15:09:43.849404Z | AF69: 2055-06-02T15:40:11.024336Z | AG69: 2055-06-02T14:46:07.706514Z | AH69: 2055-06-02T14:59:15.836887Z | AI69: 4.66 | AJ69: 161 | AK69: 398
A70: 787 | B70: 5 | C70: 4050 | D70: Doorlanta | E70: Galaxy A | F70: Jagar | G70: 0 | H70: car | I70: 2055-06-06T23:13:15.08235Z | J70: 2055-06-07T00:08:15.171Z | K70: 2055-06-06T23:47:51.171Z | L70: 1 | M70: 0 | N70: 2055-06-06T23:44:10.208021Z | O70: 2055-06-06T23:50:42.185436Z | P70: 2055-06-06T23:13:27.306472Z | Q70: 0 | R70: 2055-06-06T23:13:33.752246Z | S70: 2055-06-06T23:23:05.402662Z | U70: 56771 | V70: 4.7 | W70: 6500 | X70: 2229 | Y70: 572 | Z70: 1265 | AA70: 392 | AB70: 0 | AC70: 7 | AD70: early | AE70: 2055-06-06T19:44:10.208021Z | AF70: 2055-06-06T19:50:42.185436Z | AG70: 2055-06-06T19:13:27.306472Z | AH70: 2055-06-06T19:23:05.402662Z | AI70: 4.89 | AJ70: 1778 | AK70: 5138 | AL70: 314
A71: 76 | B71: 5 | C71: 4001 | D71: Dashattan | E71: Galaxy A | F71: Arya | G71: 0 | H71: bicycle | I71: 2055-06-01T23:15:59.890797Z | J71: 2055-06-02T00:19:49.946Z | K71: 2055-06-01T23:59:42.946Z | L71: 1 | M71: 0 | N71: 2055-06-01T23:46:23.616337Z | O71: 2055-06-01T23:58:09.315998Z | P71: 2055-06-01T23:19:35.69061Z | Q71: 0 | R71: 2055-06-01T23:19:47.150457Z | S71: 2055-06-01T23:46:56.031314Z | U71: 56766 | V71: 2.9713048 | W71: 6500 | X71: 2302 | Y71: 1629 | AA71: 706 | AB71: 0 | AC71: 4 | AD71: late | AE71: 2055-06-01T19:46:23.616337Z | AF71: 2055-06-01T19:58:09.315998Z | AG71: 2055-06-01T19:19:35.69061Z | AH71: 2055-06-01T19:46:56.031314Z | AI71: 4.17 | AJ71: 457 | AK71: 1599
A72: 617 | C72: 4001 | D72: Dashattan | E72: Galaxy A | F72: Samm | G72: 0 | H72: car | I72: 2055-06-05T20:55:41.089433Z | J72: 2055-06-05T21:50:37.156Z | K72: 2055-06-05T21:31:44.156Z | L72: 1 | M72: 0 | N72: 2055-06-05T21:17:44.687828Z | O72: 2055-06-05T21:23:57.42603Z | P72: 2055-06-05T21:03:34.368469Z | Q72: 0 | R72: 2055-06-05T21:03:40.919625Z | S72: 2055-06-05T21:09:12.455718Z | U72: 56770 | V72: 4.6 | W72: 6500 | X72: 1217 | Y72: 332 | Z72: 512 | AA72: 373 | AB72: 0 | AC72: 8 | AD72: early | AE72: 2055-06-05T17:17:44.687828Z | AF72: 2055-06-05T17:23:57.42603Z | AG72: 2055-06-05T17:03:34.368469Z | AH72: 2055-06-05T17:09:12.455718Z | AI72: 4.03 | AJ72: 505 | AK72: 1721 | AL72: 457
A73: 18 | C73: 4001 | D73: Dashattan | E73: Galaxy A | F73: Arya | G73: 0 | H73: bicycle | I73: 2055-06-01T16:26:07.096308Z | J73: 2055-06-01T17:26:41.146Z | K73: 2055-06-01T17:04:47.146Z | L73: 1 | M73: 0 | N73: 2055-06-01T18:03:27.81939Z | O73: 2055-06-01T18:19:22.204981Z | P73: 2055-06-01T16:38:55.511824Z | Q73: 0 | R73: 2055-06-01T16:39:06.498299Z | S73: 2055-06-01T17:11:34.812866Z | U73: 56766 | V73: 4.5 | W73: 6500 | X73: 6016 | Y73: 1948 | Z73: 3113 | AA73: 955 | AB73: 1 | AC73: 5 | AE73: 2055-06-01T14:03:27.81939Z | AF73: 2055-06-01T14:19:22.204981Z | AG73: 2055-06-01T12:38:55.511824Z | AH73: 2055-06-01T13:11:34.812866Z | AI73: 4.17 | AJ73: 457 | AK73: 1599
A74: 642 | C74: 4001 | D74: Dashattan | E74: Galaxy A | F74: Arya | G74: 0 | H74: bicycle | I74: 2055-06-05T22:14:17.455412Z | J74: 2055-06-05T23:07:12.515Z | K74: 2055-06-05T22:47:33.515Z | L74: 1 | M74: 0 | N74: 2055-06-05T23:18:38.663598Z | O74: 2055-06-05T23:25:46.410021Z | P74: 2055-06-05T22:18:35.809313Z | Q74: 0 | R74: 2055-06-05T22:19:12.417821Z | S74: 2055-06-05T23:12:22.922442Z | U74: 56770 | V74: 4.1198783 | W74: 5500 | X74: 3994 | Y74: 3190 | Z74: 376 | AA74: 428 | AB74: 1 | AC74: 3 | AE74: 2055-06-05T19:18:38.663598Z | AF74: 2055-06-05T19:25:46.410021Z | AG74: 2055-06-05T18:18:35.809313Z | AH74: 2055-06-05T19:12:22.922442Z | AI74: 4.17 | AJ74: 457 | AK74: 1599
A75: 743 | C75: 4050 | D75: Doorlanta | E75: Galaxy A | F75: Faud | G75: 0 | H75: car | I75: 2055-06-06T16:42:01.659635Z | J75: 2055-06-06T17:33:01.728Z | K75: 2055-06-06T17:22:54.728Z | L75: 1 | M75: 1 | N75: 2055-06-06T17:10:45.204604Z | O75: 2055-06-06T17:21:18.831052Z | P75: 2055-06-06T16:57:07.413112Z | Q75: 0 | R75: 2055-06-06T16:57:11.108298Z | S75: 2055-06-06T17:04:02.343801Z | U75: 56771 | V75: 3.1396871 | W75: 5500 | X75: 1447 | Y75: 411 | Z75: 403 | AA75: 633 | AB75: 0 | AC75: 5 | AD75: late | AE75: 2055-06-06T13:10:45.204604Z | AF75: 2055-06-06T13:21:18.831052Z | AG75: 2055-06-06T12:57:07.413112Z | AH75: 2055-06-06T13:04:02.343801Z | AI75: 4.69 | AJ75: 89 | AK75: 258 | AL75: 154
A76: 13 | C76: 4001 | D76: Dashattan | E76: Galaxy A | F76: Sean | G76: 0 | H76: bicycle | I76: 2055-06-01T16:03:57.270853Z | J76: 2055-06-01T16:56:06.338Z | K76: 2055-06-01T16:34:12.338Z | L76: 1 | M76: 0 | N76: 2055-06-01T16:42:21.801244Z | O76: 2055-06-01T16:52:03.676656Z | P76: 2055-06-01T16:10:14.647744Z | Q76: 0 | R76: 2055-06-01T16:10:37.752565Z | S76: 2055-06-01T16:15:20.487827Z | U76: 56766 | V76: 3.9792116 | W76: 5500 | X76: 2486 | Y76: 283 | Z76: 1621 | AA76: 582 | AB76: 1 | AC76: 6 | AE76: 2055-06-01T12:42:21.801244Z | AF76: 2055-06-01T12:52:03.676656Z | AG76: 2055-06-01T12:10:14.647744Z | AH76: 2055-06-01T12:15:20.487827Z | AI76: 4.52 | AJ76: 183 | AK76: 522
A77: 1120 | B77: 5 | C77: 4001 | D77: Dashattan | E77: Galaxy A | F77: Carlee | G77: 0 | H77: car | I77: 2055-06-10T15:12:44.618252Z | J77: 2055-06-10T16:41:48.665Z | K77: 2055-06-10T16:13:35.665Z | L77: 1 | M77: 0 | N77: 2055-06-10T16:07:02.395178Z | O77: 2055-06-10T16:26:22.39051Z | P77: 2055-06-10T15:23:14.122303Z | Q77: 0 | R77: 2055-06-10T15:23:18.343454Z | S77: 2055-06-10T16:02:52.008517Z | U77: 56775 | V77: 3.4761875 | W77: 5500 | X77: 3784 | Y77: 2374 | Z77: 250 | AA77: 1160 | AB77: 0 | AC77: 7 | AD77: late | AE77: 2055-06-10T12:07:02.395178Z | AF77: 2055-06-10T12:26:22.39051Z | AG77: 2055-06-10T11:23:14.122303Z | AH77: 2055-06-10T12:02:52.008517Z | AI77: 4.52 | AJ77: 269 | AK77: 895 | AL77: 23
A78: 452 | B78: 5 | C78: 4050 | D78: Doorlanta | E78: Galaxy A | F78: Katelynn | G78: 0 | H78: car | I78: 2055-06-04T21:41:35.097466Z | J78: 2055-06-04T22:38:43.189Z | K78: 2055-06-04T22:24:04.189Z | L78: 1 | M78: 0 | N78: 2055-06-04T22:30:39.623979Z | O78: 2055-06-04T22:43:47.558985Z | P78: 2055-06-04T21:41:47.310566Z | Q78: 0 | R78: 2055-06-04T21:42:19.721688Z | U78: 56769 | V78: 4.4 | W78: 5500 | X78: 3688 | AA78: 788 | AB78: 0 | AC78: 4 | AE78: 2055-06-04T18:30:39.623979Z | AF78: 2055-06-04T18:43:47.558985Z | AG78: 2055-06-04T17:41:47.310566Z | AI78: 4.7 | AJ78: 1261 | AK78: 3264 | AL78: 232
A79: 167 | C79: 4050 | D79: Doorlanta | E79: Galaxy A | F79: Elon | G79: 0 | H79: car | I79: 2055-06-02T21:12:14.633153Z | J79: 2055-06-02T22:30:00Z | K79: 2055-06-02T22:30:00Z | L79: 0 | M79: 0 | N79: 2055-06-02T21:55:01.028191Z | O79: 2055-06-02T22:07:08.445261Z | P79: 2055-06-02T21:30:07.640702Z | Q79: 0 | R79: 2055-06-02T21:30:15.711985Z | S79: 2055-06-02T21:50:00.97786Z | U79: 56767 | V79: 4.5 | W79: 5500 | X79: 2213 | Y79: 1185 | Z79: 301 | AA79: 727 | AB79: 0 | AC79: 5 | AD79: late | AE79: 2055-06-02T17:55:01.028191Z | AF79: 2055-06-02T18:07:08.445261Z | AG79: 2055-06-02T17:30:07.640702Z | AH79: 2055-06-02T17:50:00.97786Z | AI79: 4.62 | AJ79: 259 | AK79: 604 | AL79: 21
A80: 723 | C80: 4001 | D80: Dashattan | E80: Galaxy A | F80: Bret | G80: 0 | H80: car | I80: 2055-06-06T13:26:51.484022Z | J80: 2055-06-06T14:13:01.561Z | K80: 2055-06-06T13:54:08.561Z | L80: 1 | M80: 0 | N80: 2055-06-06T13:51:01.921669Z | O80: 2055-06-06T14:10:54.429466Z | P80: 2055-06-06T13:30:14.047324Z | Q80: 0 | R80: 2055-06-06T13:30:24.703652Z | S80: 2055-06-06T13:47:41.317624Z | U80: 56771 | V80: 4.3 | W80: 5500 | X80: 2430 | Y80: 1037 | Z80: 200 | AA80: 1193 | AB80: 0 | AC80: 9 | AD80: late | AE80: 2055-06-06T09:51:01.921669Z | AF80: 2055-06-06T10:10:54.429466Z | AG80: 2055-06-06T09:30:14.047324Z | AH80: 2055-06-06T09:47:41.317624Z | AI80: 3.82 | AJ80: 174 | AK80: 773
A81: 455 | C81: 4050 | D81: Doorlanta | E81: Galaxy A | F81: Cate | G81: 0 | H81: car | I81: 2055-06-04T21:54:24.669617Z | J81: 2055-06-04T22:46:05.837Z | K81: 2055-06-04T22:40:58.837Z | L81: 1 | M81: 0 | N81: 2055-06-04T22:37:53.78409Z | O81: 2055-06-04T22:52:21.009141Z | P81: 2055-06-04T21:57:47.458752Z | Q81: 0 | R81: 2055-06-04T21:57:52.247268Z | S81: 2055-06-04T22:11:08.016923Z | U81: 56769 | V81: 4.8 | W81: 5500 | X81: 3269 | Y81: 796 | Z81: 1605 | AA81: 868 | AB81: 0 | AC81: 4 | AE81: 2055-06-04T18:37:53.78409Z | AF81: 2055-06-04T18:52:21.009141Z | AG81: 2055-06-04T17:57:47.458752Z | AH81: 2055-06-04T18:11:08.016923Z | AI81: 4.49 | AJ81: 2315 | AK81: 7039 | AL81: 763
A82: 32 | C82: 4050 | D82: Doorlanta | E82: Galaxy A | F82: Jagar | G82: 0 | H82: car | I82: 2055-06-01T20:29:40.389601Z | J82: 2055-06-01T21:24:40.493Z | K82: 2055-06-01T21:03:45.493Z | L82: 1 | M82: 0 | N82: 2055-06-01T21:03:38.050259Z | O82: 2055-06-01T21:14:48.736467Z | P82: 2055-06-01T20:42:27.253365Z | Q82: 0 | R82: 2055-06-01T20:42:33.476748Z | S82: 2055-06-01T20:51:35.758237Z | U82: 56766 | V82: 4.5 | W82: 5500 | X82: 1935 | Y82: 542 | Z82: 723 | AA82: 670 | AB82: 0 | AC82: 25 | AD82: late | AE82: 2055-06-01T17:03:38.050259Z | AF82: 2055-06-01T17:14:48.736467Z | AG82: 2055-06-01T16:42:27.253365Z | AH82: 2055-06-01T16:51:35.758237Z | AI82: 4.89 | AJ82: 1778 | AK82: 5138 | AL82: 314
A83: 416 | B83: 5 | C83: 4050 | D83: Doorlanta | E83: Galaxy A | F83: Josh | G83: 0 | H83: car | I83: 2055-06-04T16:43:25.725311Z | J83: 2055-06-04T17:38:25.807Z | K83: 2055-06-04T17:15:11.807Z | L83: 1 | M83: 0 | N83: 2055-06-04T17:24:50.579363Z | O83: 2055-06-04T17:30:54.998668Z | P83: 2055-06-04T16:45:07.312242Z | Q83: 0 | R83: 2055-06-04T16:45:17.751296Z | S83: 2055-06-04T16:59:42.206765Z | U83: 56769 | V83: 4.5 | W83: 5500 | X83: 2737 | Y83: 865 | Z83: 1508 | AA83: 364 | AB83: 0 | AC83: 7 | AD83: on time | AE83: 2055-06-04T13:24:50.579363Z | AF83: 2055-06-04T13:30:54.998668Z | AG83: 2055-06-04T12:45:07.312242Z | AH83: 2055-06-04T12:59:42.206765Z | AI83: 4.77 | AJ83: 426 | AK83: 1226 | AL83: 85
A84: 196 | C84: 4001 | D84: Dashattan | E84: Galaxy A | F84: Ron | G84: 0 | H84: bicycle | I84: 2055-06-02T22:49:02.29243Z | J84: 2055-06-02T23:39:55.374Z | K84: 2055-06-02T23:20:16.374Z | L84: 1 | M84: 0 | N84: 2055-06-02T23:06:13.716498Z | O84: 2055-06-02T23:27:31.402897Z | P84: 2055-06-02T22:55:14.498803Z | Q84: 0 | R84: 2055-06-02T22:55:32.369286Z | S84: 2055-06-02T23:05:54.267789Z | U84: 56767 | V84: 4.5 | W84: 5500 | X84: 1919 | Y84: 622 | Z84: 19 | AA84: 1278 | AB84: 0 | AC84: 8 | AD84: late | AE84: 2055-06-02T19:06:13.716498Z | AF84: 2055-06-02T19:27:31.402897Z | AG84: 2055-06-02T18:55:14.498803Z | AH84: 2055-06-02T19:05:54.267789Z | AI84: 4.56 | AJ84: 765 | AK84: 2618
A85: 998 | B85: 5 | C85: 4001 | D85: Dashattan | E85: Galaxy A | F85: Arya | G85: 0 | H85: bicycle | I85: 2055-06-09T00:47:54.354437Z | J85: 2055-06-09T01:51:10.41Z | K85: 2055-06-09T01:27:52.41Z | L85: 1 | M85: 0 | N85: 2055-06-09T01:16:48.852422Z | O85: 2055-06-09T01:24:38.259111Z | P85: 2055-06-09T00:54:14.973868Z | Q85: 0 | R85: 2055-06-09T00:54:21.171139Z | S85: 2055-06-09T00:58:55.897909Z | U85: 56773 | V85: 2.7239714 | W85: 5500 | X85: 1817 | Y85: 274 | Z85: 1073 | AA85: 470 | AB85: 0 | AC85: 3 | AD85: early | AE85: 2055-06-08T21:16:48.852422Z | AF85: 2055-06-08T21:24:38.259111Z | AG85: 2055-06-08T20:54:14.973868Z | AH85: 2055-06-08T20:58:55.897909Z | AI85: 4.17 | AJ85: 457 | AK85: 1599
A86: 1069 | C86: 4001 | D86: Dashattan | E86: Galaxy A | F86: Samm | G86: 0 | H86: car | I86: 2055-06-09T22:20:53.356567Z | J86: 2055-06-09T23:07:13.422Z | K86: 2055-06-09T22:48:20.422Z | L86: 1 | M86: 0 | N86: 2055-06-09T23:03:33.031039Z | O86: 2055-06-09T23:03:48.762053Z | P86: 2055-06-09T22:27:14.287625Z | Q86: 0 | R86: 2055-06-09T22:27:21.409371Z | S86: 2055-06-09T22:38:29.264796Z | U86: 56774 | V86: 4.6 | W86: 5500 | X86: 2187 | Y86: 668 | Z86: 1504 | AA86: 15 | AB86: 0 | AC86: 6 | AD86: on time | AE86: 2055-06-09T19:03:33.031039Z | AF86: 2055-06-09T19:03:48.762053Z | AG86: 2055-06-09T18:27:14.287625Z | AH86: 2055-06-09T18:38:29.264796Z | AI86: 4.03 | AJ86: 505 | AK86: 1721 | AL86: 457
A87: 261 | B87: 5 | C87: 4050 | D87: Doorlanta | E87: Galaxy A | F87: Ash | G87: 0 | H87: car | I87: 2055-06-03T15:11:41.7242Z | J87: 2055-06-03T16:06:41.826Z | K87: 2055-06-03T15:46:23.826Z | L87: 1 | M87: 0 | N87: 2055-06-03T15:39:58.93752Z | O87: 2055-06-03T15:55:41.506248Z | P87: 2055-06-03T15:11:47.32699Z | Q87: 0 | R87: 2055-06-03T15:12:05.235882Z | S87: 2055-06-03T15:33:13.363801Z | U87: 56768 | V87: 4.5 | W87: 5500 | X87: 2616 | Y87: 1268 | Z87: 405 | AA87: 943 | AB87: 0 | AC87: 3 | AD87: late | AE87: 2055-06-03T11:39:58.93752Z | AF87: 2055-06-03T11:55:41.506248Z | AG87: 2055-06-03T11:11:47.32699Z | AH87: 2055-06-03T11:33:13.363801Z | AI87: 4.66 | AJ87: 161 | AK87: 398
A88: 740 | B88: 5 | C88: 4050 | D88: Doorlanta | E88: Galaxy A | F88: Jagar | G88: 0 | H88: car | I88: 2055-06-06T16:34:33.204977Z | J88: 2055-06-06T17:36:36.266Z | K88: 2055-06-06T17:26:29.266Z | L88: 1 | M88: 0 | N88: 2055-06-06T17:18:50.467822Z | O88: 2055-06-06T17:30:06.138833Z | P88: 2055-06-06T16:34:47.321813Z | Q88: 0 | R88: 2055-06-06T16:34:53.747295Z | S88: 2055-06-06T16:44:50.339895Z | U88: 56771 | V88: 4.4 | W88: 5500 | X88: 3313 | Y88: 597 | Z88: 2040 | AA88: 676 | AB88: 1 | AC88: 4 | AE88: 2055-06-06T13:18:50.467822Z | AF88: 2055-06-06T13:30:06.138833Z | AG88: 2055-06-06T12:34:47.321813Z | AH88: 2055-06-06T12:44:50.339895Z | AI88: 4.89 | AJ88: 1778 | AK88: 5138 | AL88: 314
A89: 981 | B89: 5 | C89: 4001 | D89: Dashattan | E89: Galaxy A | F89: Rojan | G89: 0 | H89: bicycle | I89: 2055-06-08T22:50:15.85403Z | J89: 2055-06-08T23:39:09.92Z | K89: 2055-06-08T23:20:16.92Z | L89: 1 | M89: 0 | N89: 2055-06-08T23:28:44.448367Z | O89: 2055-06-08T23:38:00.82599Z | P89: 2055-06-08T22:53:34.473415Z | Q89: 0 | R89: 2055-06-08T22:53:47.28334Z | S89: 2055-06-08T23:25:49.429144Z | U89: 56773 | V89: 4 | W89: 5500 | X89: 2653 | Y89: 1922 | Z89: 175 | AA89: 556 | AB89: 0 | AC89: 6 | AD89: late | AE89: 2055-06-08T19:28:44.448367Z | AF89: 2055-06-08T19:38:00.82599Z | AG89: 2055-06-08T18:53:34.473415Z | AH89: 2055-06-08T19:25:49.429144Z | AI89: 4.58 | AJ89: 254 | AK89: 788 | AL89: 9
A90: 510 | C90: 4050 | D90: Doorlanta | E90: Galaxy A | F90: Erinn | G90: 0 | H90: car | I90: 2055-06-05T00:24:51.482376Z | J90: 2055-06-05T01:30:00Z | K90: 2055-06-05T01:30:00Z | L90: 0 | M90: 0 | N90: 2055-06-05T00:53:17.553517Z | O90: 2055-06-05T01:07:54.453115Z | P90: 2055-06-05T00:32:07.712462Z | Q90: 0 | R90: 2055-06-05T00:32:14.48865Z | S90: 2055-06-05T00:50:48.5898Z | U90: 56769 | V90: 5 | W90: 5500 | X90: 2140 | Y90: 1114 | Z90: 149 | AA90: 877 | AB90: 0 | AC90: 5 | AD90: late | AE90: 2055-06-04T20:53:17.553517Z | AF90: 2055-06-04T21:07:54.453115Z | AG90: 2055-06-04T20:32:07.712462Z | AH90: 2055-06-04T20:50:48.5898Z | AI90: 4.3764706 | AJ90: 62 | AK90: 219 | AL90: 113
A91: 699 | B91: 5 | C91: 4001 | D91: Dashattan | E91: Galaxy A | F91: Bill | G91: 0 | H91: car | I91: 2055-06-06T00:17:20.304922Z | J91: 2055-06-06T01:15:35.365Z | K91: 2055-06-06T00:53:41.365Z | L91: 1 | M91: 0 | N91: 2055-06-06T00:59:32.880764Z | O91: 2055-06-06T01:13:53.954677Z | P91: 2055-06-06T00:24:37.460278Z | Q91: 0 | R91: 2055-06-06T00:24:50.298784Z | S91: 2055-06-06T00:37:03.658785Z | U91: 56770 | V91: 4.4 | W91: 5500 | X91: 2943 | Y91: 733 | Z91: 1349 | AA91: 861 | AB91: 0 | AC91: 3 | AD91: on time | AE91: 2055-06-05T20:59:32.880764Z | AF91: 2055-06-05T21:13:53.954677Z | AG91: 2055-06-05T20:24:37.460278Z | AH91: 2055-06-05T20:37:03.658785Z | AI91: 4.46 | AJ91: 148 | AK91: 435
A92: 549 | C92: 4001 | D92: Dashattan | E92: Galaxy A | F92: KC | G92: 0 | H92: car | I92: 2055-06-05T15:16:16.291279Z | J92: 2055-06-05T16:05:19.359Z | K92: 2055-06-05T15:46:26.359Z | L92: 1 | M92: 0 | N92: 2055-06-05T15:27:31.750519Z | O92: 2055-06-05T15:37:25.533136Z | P92: 2055-06-05T15:18:54.400667Z | Q92: 0 | R92: 2055-06-05T15:19:34.501953Z | S92: 2055-06-05T15:24:59.902946Z | U92: 56770 | V92: 3.3468129 | W92: 5000 | X92: 1071 | Y92: 325 | Z92: 152 | AA92: 594 | AB92: 0 | AC92: 5 | AD92: early | AE92: 2055-06-05T11:27:31.750519Z | AF92: 2055-06-05T11:37:25.533136Z | AG92: 2055-06-05T11:18:54.400667Z | AH92: 2055-06-05T11:24:59.902946Z | AI92: 4.54 | AJ92: 2229 | AK92: 6580
A93: 657 | C93: 4001 | D93: Dashattan | E93: Galaxy A | F93: Bunje | G93: 0 | H93: bicycle | I93: 2055-06-05T22:42:09.977528Z | J93: 2055-06-05T23:39:49.076Z | K93: 2055-06-05T23:21:31.076Z | L93: 1 | M93: 0 | N93: 2055-06-05T23:54:11.488914Z | O93: 2055-06-06T00:08:28.058072Z | P93: 2055-06-05T23:06:18.463116Z | Q93: 0 | R93: 2055-06-05T23:06:46.682488Z | S93: 2055-06-05T23:18:34.340609Z | U93: 56770 | V93: 3.5346888 | W93: 5000 | X93: 3702 | Y93: 708 | Z93: 2137 | AA93: 857 | AB93: 0 | AC93: 2 | AD93: late | AE93: 2055-06-05T19:54:11.488914Z | AF93: 2055-06-05T20:08:28.058072Z | AG93: 2055-06-05T19:06:18.463116Z | AH93: 2055-06-05T19:18:34.340609Z | AI93: 4.7 | AJ93: 443 | AK93: 1579
A94: 492 | C94: 4050 | D94: Doorlanta | E94: Galaxy A | F94: Abhai | G94: 0 | H94: car | I94: 2055-06-04T23:36:11.850948Z | J94: 2055-06-05T00:17:26.913Z | K94: 2055-06-05T00:13:33.913Z | L94: 1 | M94: 0 | N94: 2055-06-04T23:57:32.195833Z | O94: 2055-06-05T00:06:08.639866Z | P94: 2055-06-04T23:36:27.64622Z | Q94: 0 | R94: 2055-06-04T23:36:32.116005Z | S94: 2055-06-04T23:39:41.777001Z | U94: 56769 | V94: 4.8 | W94: 5000 | X94: 1776 | Y94: 189 | Z94: 1071 | AA94: 516 | AB94: 0 | AC94: 6 | AD94: early | AE94: 2055-06-04T19:57:32.195833Z | AF94: 2055-06-04T20:06:08.639866Z | AG94: 2055-06-04T19:36:27.64622Z | AH94: 2055-06-04T19:39:41.777001Z | AI94: 4.56 | AJ94: 344 | AK94: 947 | AL94: 22
A95: 629 | C95: 4050 | D95: Doorlanta | E95: Galaxy A | F95: Merissa | G95: 0 | H95: car | I95: 2055-06-05T21:46:35.68882Z | J95: 2055-06-05T23:12:17.762Z | K95: 2055-06-05T22:53:24.762Z | L95: 1 | M95: 0 | N95: 2055-06-05T23:11:57.011055Z | O95: 2055-06-05T23:32:07.935291Z | P95: 2055-06-05T21:53:27.301059Z | Q95: 0 | R95: 2055-06-05T21:53:31.781651Z | S95: 2055-06-05T21:55:30.592296Z | U95: 56770 | V95: 4.2 | W95: 5000 | X95: 5916 | Y95: 119 | Z95: 4587 | AA95: 1210 | AB95: 0 | AC95: 6 | AD95: early | AE95: 2055-06-05T19:11:57.011055Z | AF95: 2055-06-05T19:32:07.935291Z | AG95: 2055-06-05T17:53:27.301059Z | AH95: 2055-06-05T17:55:30.592296Z | AI95: 4.58 | AJ95: 679 | AK95: 2371 | AL95: 1830
A96: 448 | C96: 4050 | D96: Doorlanta | E96: Galaxy A | F96: Elon | G96: 0 | H96: car | I96: 2055-06-04T21:24:01.912783Z | J96: 2055-06-04T22:37:13.985Z | K96: 2055-06-04T22:12:32.985Z | L96: 1 | M96: 0 | N96: 2055-06-04T21:45:19.004385Z | O96: 2055-06-04T22:05:44.06585Z | P96: 2055-06-04T21:30:07.513155Z | Q96: 0 | R96: 2055-06-04T21:30:23.037129Z | S96: 2055-06-04T21:41:44.412595Z | U96: 56769 | V96: 4.6 | W96: 5000 | X96: 2121 | Y96: 681 | Z96: 215 | AA96: 1225 | AB96: 0 | AC96: 7 | AD96: late | AE96: 2055-06-04T17:45:19.004385Z | AF96: 2055-06-04T18:05:44.06585Z | AG96: 2055-06-04T17:30:07.513155Z | AH96: 2055-06-04T17:41:44.412595Z | AI96: 4.62 | AJ96: 259 | AK96: 604 | AL96: 21
A97: 497 | B97: 1 | C97: 4050 | D97: Doorlanta | E97: Galaxy A | F97: Josh | G97: 0 | H97: car | I97: 2055-06-04T23:53:23.568025Z | J97: 2055-06-05T00:54:30.647Z | K97: 2055-06-05T00:34:49.647Z | L97: 1 | M97: 0 | N97: 2055-06-05T00:26:25.216Z | O97: 2055-06-05T00:48:56.183332Z | P97: 2055-06-05T00:05:47.464463Z | Q97: 0 | R97: 2055-06-05T00:06:14.668705Z | S97: 2055-06-05T00:14:41.553427Z | U97: 56769 | V97: 3.4317833 | W97: 5000 | X97: 2562 | Y97: 507 | Z97: 704 | AA97: 1351 | AB97: 1 | AC97: 5 | AE97: 2055-06-04T20:26:25.216Z | AF97: 2055-06-04T20:48:56.183332Z | AG97: 2055-06-04T20:05:47.464463Z | AH97: 2055-06-04T20:14:41.553427Z | AI97: 4.77 | AJ97: 426 | AK97: 1226 | AL97: 85
A98: 304 | B98: 1 | C98: 4050 | D98: Doorlanta | E98: Galaxy A | F98: Jagar | G98: 0 | H98: car | I98: 2055-06-03T17:59:38.163232Z | J98: 2055-06-03T18:47:03.33Z | K98: 2055-06-03T18:37:24.33Z | L98: 1 | M98: 0 | N98: 2055-06-03T18:33:05.396005Z | O98: 2055-06-03T18:44:08.741925Z | P98: 2055-06-03T17:59:47.279147Z | Q98: 0 | R98: 2055-06-03T17:59:53.741557Z | S98: 2055-06-03T18:11:09.271521Z | U98: 56768 | V98: 4.2 | W98: 5000 | X98: 2655 | Y98: 676 | Z98: 1316 | AA98: 663 | AB98: 0 | AC98: 3 | AD98: early | AE98: 2055-06-03T14:33:05.396005Z | AF98: 2055-06-03T14:44:08.741925Z | AG98: 2055-06-03T13:59:47.279147Z | AH98: 2055-06-03T14:11:09.271521Z | AI98: 4.89 | AJ98: 1778 | AK98: 5138 | AL98: 314
A99: 231 | B99: 5 | C99: 4050 | D99: Doorlanta | E99: Galaxy A | F99: Hersh | G99: 0 | H99: car | I99: 2055-06-03T00:44:46.91976Z | J99: 2055-06-03T01:39:47.005Z | K99: 2055-06-03T01:12:35.005Z | L99: 1 | M99: 0 | N99: 2055-06-03T01:05:37.118816Z | O99: 2055-06-03T01:11:32.534821Z | P99: 2055-06-03T00:45:07.366353Z | Q99: 0 | R99: 2055-06-03T00:45:19.597136Z | S99: 2055-06-03T00:51:51.409094Z | U99: 56767 | V99: 4.6 | W99: 5000 | X99: 1573 | Y99: 392 | Z99: 826 | AA99: 355 | AB99: 0 | AC99: 6 | AD99: early | AE99: 2055-06-02T21:05:37.118816Z | AF99: 2055-06-02T21:11:32.534821Z | AG99: 2055-06-02T20:45:07.366353Z | AH99: 2055-06-02T20:51:51.409094Z | AI99: 4.7 | AJ99: 212 | AK99: 624 | AL99: 347
A100: 443 | B100: 5 | C100: 4050 | D100: Doorlanta | E100: Galaxy A | F100: Cate | G100: 0 | H100: car | I100: 2055-06-04T20:38:49.347697Z | J100: 2055-06-04T21:37:40.426Z | K100: 2055-06-04T21:17:33.426Z | L100: 1 | M100: 0 | N100: 2055-06-04T21:17:33.589932Z | O100: 2055-06-04T21:26:28.313295Z | P100: 2055-06-04T21:00:47.291109Z | Q100: 0 | R100: 2055-06-04T21:00:50.343667Z | S100: 2055-06-04T21:17:12.02676Z | U100: 56769 | V100: 3.2241251 | W100: 5000 | X100: 1538 | Y100: 982 | Z100: 21 | AA100: 535 | AB100: 0 | AC100: 2 | AD100: late | AE100: 2055-06-04T17:17:33.589932Z | AF100: 2055-06-04T17:26:28.313295Z | AG100: 2055-06-04T17:00:47.291109Z | AH100: 2055-06-04T17:17:12.02676Z | AI100: 4.49 | AJ100: 2315 | AK100: 7039 | AL100: 763
...

Sheet Data_Cleaning
A1: =IFERROR(__xludf.DUMMYFUNCTION("FILTER(Raw_Data!A:AL, Raw_Data!A:A <> """")"),"DELIVERY_NAME") -> DELIVERY_NAME | B1: =IFERROR(__xludf.DUMMYFUNCTION("""COMPUTED_VALUE"""),"DELIVERY_RATING") -> DELIVERY_RATING | C1: =IFERROR(__xludf.DUMMYFUNCTION("""COMPUTED_VALUE"""),"MARKET_NUMBER") -> MARKET_NUMBER | D1: =IFERROR(__xludf.DUMMYFUNCTION("""COMPUTED_VALUE"""),"MARKET_NAME") -> MARKET_NAME | E1: =IFERROR(__xludf.DUMMYFUNCTION("""COMPUTED_VALUE"""),"TIMEZONE") -> TIMEZONE | F1: =IFERROR(__xludf.DUMMYFUNCTION("""COMPUTED_VALUE"""),"DASHER") -> DASHER | G1: =IFERROR(__xludf.DUMMYFUNCTION("""COMPUTED_VALUE"""),"IS_FIRST_DELIVERY") -> IS_FIRST_DELIVERY | H1: =IFERROR(__xludf.DUMMYFUNCTION("""COMPUTED_VALUE"""),"VEHICLE") -> VEHICLE | I1: =IFERROR(__xludf.DUMMYFUNCTION("""COMPUTED_VALUE"""),"CREATED_AT") -> CREATED_AT | J1: =IFERROR(__xludf.DUMMYFUNCTION("""COMPUTED_VALUE"""),"QUOTED_DELIVERY_TIME") -> QUOTED_DELIVERY_TIME | K1: =IFERROR(__xludf.DUMMYFUNCTION("""COMPUTED_VALUE"""),"ESTIMATED_DELIVERY_TIME") -> ESTIMATED_DELIVERY_TIME | L1: =IFERROR(__xludf.DUMMYFUNCTION("""COMPUTED_VALUE"""),"ASAP") -> ASAP | M1: =IFERROR(__xludf.DUMMYFUNCTION("""COMPUTED_VALUE"""),"FRAUDULENT") -> FRAUDULENT | N1: =IFERROR(__xludf.DUMMYFUNCTION("""COMPUTED_VALUE"""),"ACTUAL_PICKUP_TIME") -> ACTUAL_PICKUP_TIME | O1: =IFERROR(__xludf.DUMMYFUNCTION("""COMPUTED_VALUE"""),"ACTUAL_DELIVERY_TIME") -> ACTUAL_DELIVERY_TIME | P1: =IFERROR(__xludf.DUMMYFUNCTION("""COMPUTED_VALUE"""),"DASHER_ASSIGNED_TIME") -> DASHER_ASSIGNED_TIME | Q1: =IFERROR(__xludf.DUMMYFUNCTION("""COMPUTED_VALUE"""),"MANUALLY_ASSIGNED") -> MANUALLY_ASSIGNED | R1: =IFERROR(__xludf.DUMMYFUNCTION("""COMPUTED_VALUE"""),"DASHER_CONFIRMED_TIME") -> DASHER_CONFIRMED_TIME | S1: =IFERROR(__xludf.DUMMYFUNCTION("""COMPUTED_VALUE"""),"DASHER_AT_STORE_TIME") -> DASHER_AT_STORE_TIME | T1: =IFERROR(__xludf.DUMMYFUNCTION("""COMPUTED_VALUE"""),"CANCELLED_AT") -> CANCELLED_AT | U1: =IFERROR(__xludf.DUMMYFUNCTION("""COMPUTED_VALUE"""),"ACTIVE_DATE") -> ACTIVE_DATE | V1: =IFERROR(__xludf.DUMMYFUNCTION("""COMPUTED_VALUE"""),"COMPOSITE_SCORE") -> COMPOSITE_SCORE | W1: =IFERROR(__xludf.DUMMYFUNCTION("""COMPUTED_VALUE"""),"SUBTOTAL") -> SUBTOTAL | X1: =IFERROR(__xludf.DUMMYFUNCTION("""COMPUTED_VALUE"""),"CONFIRM_TO_DELIVER_DURATION") -> CONFIRM_TO_DELIVER_DURATION | Y1: =IFERROR(__xludf.DUMMYFUNCTION("""COMPUTED_VALUE"""),"DASHER_TO_RESTAURANT_DURATION") -> DASHER_TO_RESTAURANT_DURATION | Z1: =IFERROR(__xludf.DUMMYFUNCTION("""COMPUTED_VALUE"""),"DASHER_WAIT_DURATION") -> DASHER_WAIT_DURATION | AA1: =IFERROR(__xludf.DUMMYFUNCTION("""COMPUTED_VALUE"""),"RESTAURANT_TO_CUSTOMER_DURATION") -> RESTAURANT_TO_CUSTOMER_DURATION | AB1: =IFERROR(__xludf.DUMMYFUNCTION("""COMPUTED_VALUE"""),"WAS_BATCHED") -> WAS_BATCHED | AC1: =IFERROR(__xludf.DUMMYFUNCTION("""COMPUTED_VALUE"""),"TOTAL_ITEM_COUNT") -> TOTAL_ITEM_COUNT | AD1: =IFERROR(__xludf.DUMMYFUNCTION("""COMPUTED_VALUE"""),"DASHER_TO_STORE_TIME_CATEGORY") -> DASHER_TO_STORE_TIME_CATEGORY | AE1: =IFERROR(__xludf.DUMMYFUNCTION("""COMPUTED_VALUE"""),"ACTUAL_PICKUP_TIME_GALAXY_A") -> ACTUAL_PICKUP_TIME_GALAXY_A | AF1: =IFERROR(__xludf.DUMMYFUNCTION("""COMPUTED_VALUE"""),"ACTUAL_DELIVERY_TIME_GALAXY_A") -> ACTUAL_DELIVERY_TIME_GALAXY_A | AG1: =IFERROR(__xludf.DUMMYFUNCTION("""COMPUTED_VALUE"""),"DASHER_ASSIGNED_TIME_GALAXY_A") -> DASHER_ASSIGNED_TIME_GALAXY_A | AH1: =IFERROR(__xludf.DUMMYFUNCTION("""COMPUTED_VALUE"""),"DASHER_AT_STORE_TIME_GALAXY_A") -> DASHER_AT_STORE_TIME_GALAXY_A | AI1: =IFERROR(__xludf.DUMMYFUNCTION("""COMPUTED_VALUE"""),"COMPOSITE_STAR_RATING") -> COMPOSITE_STAR_RATING | AJ1: =IFERROR(__xludf.DUMMYFUNCTION("""COMPUTED_VALUE"""),"NUM_FIVE_STARS") -> NUM_FIVE_STARS | AK1: =IFERROR(__xludf.DUMMYFUNCTION("""COMPUTED_VALUE"""),"NUM_DELIVERIES") -> NUM_DELIVERIES | AL1: =IFERROR(__xludf.DUMMYFUNCTION("""COMPUTED_VALUE"""),"NUM_ON_TIME_DELIVERIES") -> NUM_ON_TIME_DELIVERIES
A2: =IFERROR(__xludf.DUMMYFUNCTION("""COMPUTED_VALUE"""),930) -> 930 | B2: =IFERROR(__xludf.DUMMYFUNCTION("""COMPUTED_VALUE"""),5) -> 5 | C2: =IFERROR(__xludf.DUMMYFUNCTION("""COMPUTED_VALUE"""),4050) -> 4050 | D2: =IFERROR(__xludf.DUMMYFUNCTION("""COMPUTED_VALUE"""),"Doorlanta") -> Doorlanta | E2: =IFERROR(__xludf.DUMMYFUNCTION("""COMPUTED_VALUE"""),"Galaxy A") -> Galaxy A | F2: =IFERROR(__xludf.DUMMYFUNCTION("""COMPUTED_VALUE"""),"Katelynn") -> Katelynn | G2: =IFERROR(__xludf.DUMMYFUNCTION("""COMPUTED_VALUE"""),0) -> 0 | H2: =IFERROR(__xludf.DUMMYFUNCTION("""COMPUTED_VALUE"""),"car") -> car | I2: =IFERROR(__xludf.DUMMYFUNCTION("""COMPUTED_VALUE"""),"2055-06-08T14:40:31.776158Z") -> 2055-06-08T14:40:31.776158Z | J2: =IFERROR(__xludf.DUMMYFUNCTION("""COMPUTED_VALUE"""),"2055-06-08T16:30:00Z") -> 2055-06-08T16:30:00Z | K2: =IFERROR(__xludf.DUMMYFUNCTION("""COMPUTED_VALUE"""),"2055-06-08T16:30:00Z") -> 2055-06-08T16:30:00Z | L2: =IFERROR(__xludf.DUMMYFUNCTION("""COMPUTED_VALUE"""),0) -> 0 | M2: =IFERROR(__xludf.DUMMYFUNCTION("""COMPUTED_VALUE"""),0) -> 0 | N2: =IFERROR(__xludf.DUMMYFUNCTION("""COMPUTED_VALUE"""),"2055-06-08T16:27:25.447059Z") -> 2055-06-08T16:27:25.447059Z | O2: =IFERROR(__xludf.DUMMYFUNCTION("""COMPUTED_VALUE"""),"2055-06-08T16:43:26.092195Z") -> 2055-06-08T16:43:26.092195Z | P2: =IFERROR(__xludf.DUMMYFUNCTION("""COMPUTED_VALUE"""),"2055-06-08T15:24:32.128072Z") -> 2055-06-08T15:24:32.128072Z | Q2: =IFERROR(__xludf.DUMMYFUNCTION("""COMPUTED_VALUE"""),1) -> 1 | R2: =IFERROR(__xludf.DUMMYFUNCTION("""COMPUTED_VALUE"""),"2055-06-08T15:24:56.562443Z") -> 2055-06-08T15:24:56.562443Z | U2: =IFERROR(__xludf.DUMMYFUNCTION("""COMPUTED_VALUE"""),56773) -> 56773 | V2: =IFERROR(__xludf.DUMMYFUNCTION("""COMPUTED_VALUE"""),4.5) -> 4.5 | W2: =IFERROR(__xludf.DUMMYFUNCTION("""COMPUTED_VALUE"""),3000) -> 3000 | X2: =IFERROR(__xludf.DUMMYFUNCTION("""COMPUTED_VALUE"""),4710) -> 4710 | AA2: =IFERROR(__xludf.DUMMYFUNCTION("""COMPUTED_VALUE"""),961) -> 961 | AB2: =IFERROR(__xludf.DUMMYFUNCTION("""COMPUTED_VALUE"""),0) -> 0 | AC2: =IFERROR(__xludf.DUMMYFUNCTION("""COMPUTED_VALUE"""),47) -> 47 | AE2: =IFERROR(__xludf.DUMMYFUNCTION("""COMPUTED_VALUE"""),"2055-06-08T12:27:25.447059Z") -> 2055-06-08T12:27:25.447059Z | AF2: =IFERROR(__xludf.DUMMYFUNCTION("""COMPUTED_VALUE"""),"2055-06-08T12:43:26.092195Z") -> 2055-06-08T12:43:26.092195Z | AG2: =IFERROR(__xludf.DUMMYFUNCTION("""COMPUTED_VALUE"""),"2055-06-08T11:24:32.128072Z") -> 2055-06-08T11:24:32.128072Z | AI2: =IFERROR(__xludf.DUMMYFUNCTION("""COMPUTED_VALUE"""),4.7) -> 4.7 | AJ2: =IFERROR(__xludf.DUMMYFUNCTION("""COMPUTED_VALUE"""),1261) -> 1261 | AK2: =IFERROR(__xludf.DUMMYFUNCTION("""COMPUTED_VALUE"""),3264) -> 3264 | AL2: =IFERROR(__xludf.DUMMYFUNCTION("""COMPUTED_VALUE"""),232) -> 232
A3: =IFERROR(__xludf.DUMMYFUNCTION("""COMPUTED_VALUE"""),371) -> 371 | C3: =IFERROR(__xludf.DUMMYFUNCTION("""COMPUTED_VALUE"""),4001) -> 4001 | D3: =IFERROR(__xludf.DUMMYFUNCTION("""COMPUTED_VALUE"""),"Dashattan") -> Dashattan | E3: =IFERROR(__xludf.DUMMYFUNCTION("""COMPUTED_VALUE"""),"Galaxy A") -> Galaxy A | F3: =IFERROR(__xludf.DUMMYFUNCTION("""COMPUTED_VALUE"""),"Arya") -> Arya | G3: =IFERROR(__xludf.DUMMYFUNCTION("""COMPUTED_VALUE"""),0) -> 0 | H3: =IFERROR(__xludf.DUMMYFUNCTION("""COMPUTED_VALUE"""),"bicycle") -> bicycle | I3: =IFERROR(__xludf.DUMMYFUNCTION("""COMPUTED_VALUE"""),"2055-06-03T23:55:23.345361Z") -> 2055-06-03T23:55:23.345361Z | J3: =IFERROR(__xludf.DUMMYFUNCTION("""COMPUTED_VALUE"""),"2055-06-04T02:10:19.438Z") -> 2055-06-04T02:10:19.438Z | K3: =IFERROR(__xludf.DUMMYFUNCTION("""COMPUTED_VALUE"""),"2055-06-04T01:42:06.438Z") -> 2055-06-04T01:42:06.438Z | L3: =IFERROR(__xludf.DUMMYFUNCTION("""COMPUTED_VALUE"""),1) -> 1 | M3: =IFERROR(__xludf.DUMMYFUNCTION("""COMPUTED_VALUE"""),0) -> 0 | N3: =IFERROR(__xludf.DUMMYFUNCTION("""COMPUTED_VALUE"""),"2055-06-04T00:43:45.908174Z") -> 2055-06-04T00:43:45.908174Z | O3: =IFERROR(__xludf.DUMMYFUNCTION("""COMPUTED_VALUE"""),"2055-06-04T01:08:26.640633Z") -> 2055-06-04T01:08:26.640633Z | P3: =IFERROR(__xludf.DUMMYFUNCTION("""COMPUTED_VALUE"""),"2055-06-04T00:30:14.629493Z") -> 2055-06-04T00:30:14.629493Z | Q3: =IFERROR(__xludf.DUMMYFUNCTION("""COMPUTED_VALUE"""),1) -> 1 | R3: =IFERROR(__xludf.DUMMYFUNCTION("""COMPUTED_VALUE"""),"2055-06-04T00:30:30.006106Z") -> 2055-06-04T00:30:30.006106Z | S3: =IFERROR(__xludf.DUMMYFUNCTION("""COMPUTED_VALUE"""),"2055-06-04T00:38:02.90308Z") -> 2055-06-04T00:38:02.90308Z | U3: =IFERROR(__xludf.DUMMYFUNCTION("""COMPUTED_VALUE"""),56768) -> 56768 | V3: =IFERROR(__xludf.DUMMYFUNCTION("""COMPUTED_VALUE"""),3.198404529) -> 3.1984045 | W3: =IFERROR(__xludf.DUMMYFUNCTION("""COMPUTED_VALUE"""),2000) -> 2000 | X3: =IFERROR(__xludf.DUMMYFUNCTION("""COMPUTED_VALUE"""),2276) -> 2276 | Y3: =IFERROR(__xludf.DUMMYFUNCTION("""COMPUTED_VALUE"""),452) -> 452 | Z3: =IFERROR(__xludf.DUMMYFUNCTION("""COMPUTED_VALUE"""),343) -> 343 | AA3: =IFERROR(__xludf.DUMMYFUNCTION("""COMPUTED_VALUE"""),1481) -> 1481 | AB3: =IFERROR(__xludf.DUMMYFUNCTION("""COMPUTED_VALUE"""),0) -> 0 | AC3: =IFERROR(__xludf.DUMMYFUNCTION("""COMPUTED_VALUE"""),10) -> 10 | AD3: =IFERROR(__xludf.DUMMYFUNCTION("""COMPUTED_VALUE"""),"early") -> early | AE3: =IFERROR(__xludf.DUMMYFUNCTION("""COMPUTED_VALUE"""),"2055-06-03T20:43:45.908174Z") -> 2055-06-03T20:43:45.908174Z | AF3: =IFERROR(__xludf.DUMMYFUNCTION("""COMPUTED_VALUE"""),"2055-06-03T21:08:26.640633Z") -> 2055-06-03T21:08:26.640633Z | AG3: =IFERROR(__xludf.DUMMYFUNCTION("""COMPUTED_VALUE"""),"2055-06-03T20:30:14.629493Z") -> 2055-06-03T20:30:14.629493Z | AH3: =IFERROR(__xludf.DUMMYFUNCTION("""COMPUTED_VALUE"""),"2055-06-03T20:38:02.90308Z") -> 2055-06-03T20:38:02.90308Z | AI3: =IFERROR(__xludf.DUMMYFUNCTION("""COMPUTED_VALUE"""),4.17) -> 4.17 | AJ3: =IFERROR(__xludf.DUMMYFUNCTION("""COMPUTED_VALUE"""),457) -> 457 | AK3: =IFERROR(__xludf.DUMMYFUNCTION("""COMPUTED_VALUE"""),1599) -> 1599
A4: =IFERROR(__xludf.DUMMYFUNCTION("""COMPUTED_VALUE"""),1012) -> 1012 | B4: =IFERROR(__xludf.DUMMYFUNCTION("""COMPUTED_VALUE"""),5) -> 5 | C4: =IFERROR(__xludf.DUMMYFUNCTION("""COMPUTED_VALUE"""),4001) -> 4001 | D4: =IFERROR(__xludf.DUMMYFUNCTION("""COMPUTED_VALUE"""),"Dashattan") -> Dashattan | E4: =IFERROR(__xludf.DUMMYFUNCTION("""COMPUTED_VALUE"""),"Galaxy A") -> Galaxy A | F4: =IFERROR(__xludf.DUMMYFUNCTION("""COMPUTED_VALUE"""),"Bret") -> Bret | G4: =IFERROR(__xludf.DUMMYFUNCTION("""COMPUTED_VALUE"""),0) -> 0 | H4: =IFERROR(__xludf.DUMMYFUNCTION("""COMPUTED_VALUE"""),"car") -> car | I4: =IFERROR(__xludf.DUMMYFUNCTION("""COMPUTED_VALUE"""),"2055-06-09T13:45:44.022432Z") -> 2055-06-09T13:45:44.022432Z | J4: =IFERROR(__xludf.DUMMYFUNCTION("""COMPUTED_VALUE"""),"2055-06-09T15:29:57.082Z") -> 2055-06-09T15:29:57.082Z | K4: =IFERROR(__xludf.DUMMYFUNCTION("""COMPUTED_VALUE"""),"2055-06-09T15:01:44.082Z") -> 2055-06-09T15:01:44.082Z | L4: =IFERROR(__xludf.DUMMYFUNCTION("""COMPUTED_VALUE"""),1) -> 1 | M4: =IFERROR(__xludf.DUMMYFUNCTION("""COMPUTED_VALUE"""),1) -> 1 | N4: =IFERROR(__xludf.DUMMYFUNCTION("""COMPUTED_VALUE"""),"2055-06-09T15:11:25.372168Z") -> 2055-06-09T15:11:25.372168Z | O4: =IFERROR(__xludf.DUMMYFUNCTION("""COMPUTED_VALUE"""),"2055-06-09T15:13:35.539122Z") -> 2055-06-09T15:13:35.539122Z | P4: =IFERROR(__xludf.DUMMYFUNCTION("""COMPUTED_VALUE"""),"2055-06-09T14:04:34.144994Z") -> 2055-06-09T14:04:34.144994Z | Q4: =IFERROR(__xludf.DUMMYFUNCTION("""COMPUTED_VALUE"""),0) -> 0 | R4: =IFERROR(__xludf.DUMMYFUNCTION("""COMPUTED_VALUE"""),"2055-06-09T14:05:28.008027Z") -> 2055-06-09T14:05:28.008027Z | S4: =IFERROR(__xludf.DUMMYFUNCTION("""COMPUTED_VALUE"""),"2055-06-09T14:19:12.351423Z") -> 2055-06-09T14:19:12.351423Z | U4: =IFERROR(__xludf.DUMMYFUNCTION("""COMPUTED_VALUE"""),56774) -> 56774 | V4: =IFERROR(__xludf.DUMMYFUNCTION("""COMPUTED_VALUE"""),4.5) -> 4.5 | W4: =IFERROR(__xludf.DUMMYFUNCTION("""COMPUTED_VALUE"""),1500) -> 1500 | X4: =IFERROR(__xludf.DUMMYFUNCTION("""COMPUTED_VALUE"""),4087) -> 4087 | Y4: =IFERROR(__xludf.DUMMYFUNCTION("""COMPUTED_VALUE"""),824) -> 824 | Z4: =IFERROR(__xludf.DUMMYFUNCTION("""COMPUTED_VALUE"""),3133) -> 3133 | AA4: =IFERROR(__xludf.DUMMYFUNCTION("""COMPUTED_VALUE"""),130) -> 130 | AB4: =IFERROR(__xludf.DUMMYFUNCTION("""COMPUTED_VALUE"""),0) -> 0 | AC4: =IFERROR(__xludf.DUMMYFUNCTION("""COMPUTED_VALUE"""),22) -> 22 | AD4: =IFERROR(__xludf.DUMMYFUNCTION("""COMPUTED_VALUE"""),"late") -> late | AE4: =IFERROR(__xludf.DUMMYFUNCTION("""COMPUTED_VALUE"""),"2055-06-09T11:11:25.372168Z") -> 2055-06-09T11:11:25.372168Z | AF4: =IFERROR(__xludf.DUMMYFUNCTION("""COMPUTED_VALUE"""),"2055-06-09T11:13:35.539122Z") -> 2055-06-09T11:13:35.539122Z | AG4: =IFERROR(__xludf.DUMMYFUNCTION("""COMPUTED_VALUE"""),"2055-06-09T10:04:34.144994Z") -> 2055-06-09T10:04:34.144994Z | AH4: =IFERROR(__xludf.DUMMYFUNCTION("""COMPUTED_VALUE"""),"2055-06-09T10:19:12.351423Z") -> 2055-06-09T10:19:12.351423Z | AI4: =IFERROR(__xludf.DUMMYFUNCTION("""COMPUTED_VALUE"""),3.82) -> 3.82 | AJ4: =IFERROR(__xludf.DUMMYFUNCTION("""COMPUTED_VALUE"""),174) -> 174 | AK4: =IFERROR(__xludf.DUMMYFUNCTION("""COMPUTED_VALUE"""),773) -> 773
A5: =IFERROR(__xludf.DUMMYFUNCTION("""COMPUTED_VALUE"""),774) -> 774 | C5: =IFERROR(__xludf.DUMMYFUNCTION("""COMPUTED_VALUE"""),4001) -> 4001 | D5: =IFERROR(__xludf.DUMMYFUNCTION("""COMPUTED_VALUE"""),"Dashattan") -> Dashattan | E5: =IFERROR(__xludf.DUMMYFUNCTION("""COMPUTED_VALUE"""),"Galaxy A") -> Galaxy A | F5: =IFERROR(__xludf.DUMMYFUNCTION("""COMPUTED_VALUE"""),"Bret") -> Bret | G5: =IFERROR(__xludf.DUMMYFUNCTION("""COMPUTED_VALUE"""),0) -> 0 | H5: =IFERROR(__xludf.DUMMYFUNCTION("""COMPUTED_VALUE"""),"car") -> car | I5: =IFERROR(__xludf.DUMMYFUNCTION("""COMPUTED_VALUE"""),"2055-06-06T22:14:59.221376Z") -> 2055-06-06T22:14:59.221376Z | J5: =IFERROR(__xludf.DUMMYFUNCTION("""COMPUTED_VALUE"""),"2055-06-07T15:45:00Z") -> 2055-06-07T15:45:00Z | K5: =IFERROR(__xludf.DUMMYFUNCTION("""COMPUTED_VALUE"""),"2055-06-07T15:45:00Z") -> 2055-06-07T15:45:00Z | L5: =IFERROR(__xludf.DUMMYFUNCTION("""COMPUTED_VALUE"""),0) -> 0 | M5: =IFERROR(__xludf.DUMMYFUNCTION("""COMPUTED_VALUE"""),0) -> 0 | N5: =IFERROR(__xludf.DUMMYFUNCTION("""COMPUTED_VALUE"""),"2055-06-07T15:35:32.652626Z") -> 2055-06-07T15:35:32.652626Z | O5: =IFERROR(__xludf.DUMMYFUNCTION("""COMPUTED_VALUE"""),"2055-06-07T15:50:01.734136Z") -> 2055-06-07T15:50:01.734136Z | P5: =IFERROR(__xludf.DUMMYFUNCTION("""COMPUTED_VALUE"""),"2055-06-07T14:40:24.824381Z") -> 2055-06-07T14:40:24.824381Z | Q5: =IFERROR(__xludf.DUMMYFUNCTION("""COMPUTED_VALUE"""),1) -> 1 | R5: =IFERROR(__xludf.DUMMYFUNCTION("""COMPUTED_VALUE"""),"2055-06-07T14:41:19.172553Z") -> 2055-06-07T14:41:19.172553Z | S5: =IFERROR(__xludf.DUMMYFUNCTION("""COMPUTED_VALUE"""),"2055-06-07T15:33:47.403919Z") -> 2055-06-07T15:33:47.403919Z | U5: =IFERROR(__xludf.DUMMYFUNCTION("""COMPUTED_VALUE"""),56772) -> 56772 | V5: =IFERROR(__xludf.DUMMYFUNCTION("""COMPUTED_VALUE"""),4.542521796) -> 4.5425218 | W5: =IFERROR(__xludf.DUMMYFUNCTION("""COMPUTED_VALUE"""),1500) -> 1500 | X5: =IFERROR(__xludf.DUMMYFUNCTION("""COMPUTED_VALUE"""),4122) -> 4122 | Y5: =IFERROR(__xludf.DUMMYFUNCTION("""COMPUTED_VALUE"""),3148) -> 3148 | Z5: =IFERROR(__xludf.DUMMYFUNCTION("""COMPUTED_VALUE"""),105) -> 105 | AA5: =IFERROR(__xludf.DUMMYFUNCTION("""COMPUTED_VALUE"""),869) -> 869 | AB5: =IFERROR(__xludf.DUMMYFUNCTION("""COMPUTED_VALUE"""),1) -> 1 | AC5: =IFERROR(__xludf.DUMMYFUNCTION("""COMPUTED_VALUE"""),32) -> 32 | AE5: =IFERROR(__xludf.DUMMYFUNCTION("""COMPUTED_VALUE"""),"2055-06-07T11:35:32.652626Z") -> 2055-06-07T11:35:32.652626Z | AF5: =IFERROR(__xludf.DUMMYFUNCTION("""COMPUTED_VALUE"""),"2055-06-07T11:50:01.734136Z") -> 2055-06-07T11:50:01.734136Z | AG5: =IFERROR(__xludf.DUMMYFUNCTION("""COMPUTED_VALUE"""),"2055-06-07T10:40:24.824381Z") -> 2055-06-07T10:40:24.824381Z | AH5: =IFERROR(__xludf.DUMMYFUNCTION("""COMPUTED_VALUE"""),"2055-06-07T11:33:47.403919Z") -> 2055-06-07T11:33:47.403919Z | AI5: =IFERROR(__xludf.DUMMYFUNCTION("""COMPUTED_VALUE"""),3.82) -> 3.82 | AJ5: =IFERROR(__xludf.DUMMYFUNCTION("""COMPUTED_VALUE"""),174) -> 174 | AK5: =IFERROR(__xludf.DUMMYFUNCTION("""COMPUTED_VALUE"""),773) -> 773
A6: =IFERROR(__xludf.DUMMYFUNCTION("""COMPUTED_VALUE"""),412) -> 412 | B6: =IFERROR(__xludf.DUMMYFUNCTION("""COMPUTED_VALUE"""),1) -> 1 | C6: =IFERROR(__xludf.DUMMYFUNCTION("""COMPUTED_VALUE"""),4001) -> 4001 | D6: =IFERROR(__xludf.DUMMYFUNCTION("""COMPUTED_VALUE"""),"Dashattan") -> Dashattan | E6: =IFERROR(__xludf.DUMMYFUNCTION("""COMPUTED_VALUE"""),"Galaxy A") -> Galaxy A | F6: =IFERROR(__xludf.DUMMYFUNCTION("""COMPUTED_VALUE"""),"Samm") -> Samm | G6: =IFERROR(__xludf.DUMMYFUNCTION("""COMPUTED_VALUE"""),0) -> 0 | H6: =IFERROR(__xludf.DUMMYFUNCTION("""COMPUTED_VALUE"""),"car") -> car | I6: =IFERROR(__xludf.DUMMYFUNCTION("""COMPUTED_VALUE"""),"2055-06-04T16:09:11.472458Z") -> 2055-06-04T16:09:11.472458Z | J6: =IFERROR(__xludf.DUMMYFUNCTION("""COMPUTED_VALUE"""),"2055-06-04T18:20:18.559Z") -> 2055-06-04T18:20:18.559Z | K6: =IFERROR(__xludf.DUMMYFUNCTION("""COMPUTED_VALUE"""),"2055-06-04T18:20:18.559Z") -> 2055-06-04T18:20:18.559Z | L6: =IFERROR(__xludf.DUMMYFUNCTION("""COMPUTED_VALUE"""),0) -> 0 | M6: =IFERROR(__xludf.DUMMYFUNCTION("""COMPUTED_VALUE"""),0) -> 0 | N6: =IFERROR(__xludf.DUMMYFUNCTION("""COMPUTED_VALUE"""),"2055-06-04T18:12:59.656413Z") -> 2055-06-04T18:12:59.656413Z | O6: =IFERROR(__xludf.DUMMYFUNCTION("""COMPUTED_VALUE"""),"2055-06-04T18:35:17.08753Z") -> 2055-06-04T18:35:17.08753Z | P6: =IFERROR(__xludf.DUMMYFUNCTION("""COMPUTED_VALUE"""),"2055-06-04T17:41:54.272943Z") -> 2055-06-04T17:41:54.272943Z | Q6: =IFERROR(__xludf.DUMMYFUNCTION("""COMPUTED_VALUE"""),1) -> 1 | R6: =IFERROR(__xludf.DUMMYFUNCTION("""COMPUTED_VALUE"""),"2055-06-04T17:42:13.505934Z") -> 2055-06-04T17:42:13.505934Z | S6: =IFERROR(__xludf.DUMMYFUNCTION("""COMPUTED_VALUE"""),"2055-06-04T17:58:03.42043Z") -> 2055-06-04T17:58:03.42043Z | U6: =IFERROR(__xludf.DUMMYFUNCTION("""COMPUTED_VALUE"""),56769) -> 56769 | V6: =IFERROR(__xludf.DUMMYFUNCTION("""COMPUTED_VALUE"""),4.3) -> 4.3 | W6: =IFERROR(__xludf.DUMMYFUNCTION("""COMPUTED_VALUE"""),1500) -> 1500 | X6: =IFERROR(__xludf.DUMMYFUNCTION("""COMPUTED_VALUE"""),3184) -> 3184 | Y6: =IFERROR(__xludf.DUMMYFUNCTION("""COMPUTED_VALUE"""),950) -> 950 | Z6: =IFERROR(__xludf.DUMMYFUNCTION("""COMPUTED_VALUE"""),896) -> 896 | AA6: =IFERROR(__xludf.DUMMYFUNCTION("""COMPUTED_VALUE"""),1338) -> 1338 | AB6: =IFERROR(__xludf.DUMMYFUNCTION("""COMPUTED_VALUE"""),0) -> 0 | AC6: =IFERROR(__xludf.DUMMYFUNCTION("""COMPUTED_VALUE"""),26) -> 26 | AD6: =IFERROR(__xludf.DUMMYFUNCTION("""COMPUTED_VALUE"""),"early") -> early | AE6: =IFERROR(__xludf.DUMMYFUNCTION("""COMPUTED_VALUE"""),"2055-06-04T14:12:59.656413Z") -> 2055-06-04T14:12:59.656413Z | AF6: =IFERROR(__xludf.DUMMYFUNCTION("""COMPUTED_VALUE"""),"2055-06-04T14:35:17.08753Z") -> 2055-06-04T14:35:17.08753Z | AG6: =IFERROR(__xludf.DUMMYFUNCTION("""COMPUTED_VALUE"""),"2055-06-04T13:41:54.272943Z") -> 2055-06-04T13:41:54.272943Z | AH6: =IFERROR(__xludf.DUMMYFUNCTION("""COMPUTED_VALUE"""),"2055-06-04T13:58:03.42043Z") -> 2055-06-04T13:58:03.42043Z | AI6: =IFERROR(__xludf.DUMMYFUNCTION("""COMPUTED_VALUE"""),4.03) -> 4.03 | AJ6: =IFERROR(__xludf.DUMMYFUNCTION("""COMPUTED_VALUE"""),505) -> 505 | AK6: =IFERROR(__xludf.DUMMYFUNCTION("""COMPUTED_VALUE"""),1721) -> 1721 | AL6: =IFERROR(__xludf.DUMMYFUNCTION("""COMPUTED_VALUE"""),457) -> 457
A7: =IFERROR(__xludf.DUMMYFUNCTION("""COMPUTED_VALUE"""),1050) -> 1050 | B7: =IFERROR(__xludf.DUMMYFUNCTION("""COMPUTED_VALUE"""),1) -> 1 | C7: =IFERROR(__xludf.DUMMYFUNCTION("""COMPUTED_VALUE"""),4001) -> 4001 | D7: =IFERROR(__xludf.DUMMYFUNCTION("""COMPUTED_VALUE"""),"Dashattan") -> Dashattan | E7: =IFERROR(__xludf.DUMMYFUNCTION("""COMPUTED_VALUE"""),"Galaxy A") -> Galaxy A | F7: =IFERROR(__xludf.DUMMYFUNCTION("""COMPUTED_VALUE"""),"Carlee") -> Carlee | G7: =IFERROR(__xludf.DUMMYFUNCTION("""COMPUTED_VALUE"""),0) -> 0 | H7: =IFERROR(__xludf.DUMMYFUNCTION("""COMPUTED_VALUE"""),"car") -> car | I7: =IFERROR(__xludf.DUMMYFUNCTION("""COMPUTED_VALUE"""),"2055-06-09T19:49:41.693256Z") -> 2055-06-09T19:49:41.693256Z | J7: =IFERROR(__xludf.DUMMYFUNCTION("""COMPUTED_VALUE"""),"2055-06-10T15:45:00Z") -> 2055-06-10T15:45:00Z | K7: =IFERROR(__xludf.DUMMYFUNCTION("""COMPUTED_VALUE"""),"2055-06-10T15:45:00Z") -> 2055-06-10T15:45:00Z | L7: =IFERROR(__xludf.DUMMYFUNCTION("""COMPUTED_VALUE"""),0) -> 0 | M7: =IFERROR(__xludf.DUMMYFUNCTION("""COMPUTED_VALUE"""),0) -> 0 | N7: =IFERROR(__xludf.DUMMYFUNCTION("""COMPUTED_VALUE"""),"2055-06-10T15:18:09.540509Z") -> 2055-06-10T15:18:09.540509Z | O7: =IFERROR(__xludf.DUMMYFUNCTION("""COMPUTED_VALUE"""),"2055-06-10T15:23:08.754428Z") -> 2055-06-10T15:23:08.754428Z | P7: =IFERROR(__xludf.DUMMYFUNCTION("""COMPUTED_VALUE"""),"2055-06-10T14:47:54.187365Z") -> 2055-06-10T14:47:54.187365Z | Q7: =IFERROR(__xludf.DUMMYFUNCTION("""COMPUTED_VALUE"""),0) -> 0 | R7: =IFERROR(__xludf.DUMMYFUNCTION("""COMPUTED_VALUE"""),"2055-06-10T14:48:06.628086Z") -> 2055-06-10T14:48:06.628086Z | S7: =IFERROR(__xludf.DUMMYFUNCTION("""COMPUTED_VALUE"""),"2055-06-10T15:10:46.951495Z") -> 2055-06-10T15:10:46.951495Z | U7: =IFERROR(__xludf.DUMMYFUNCTION("""COMPUTED_VALUE"""),56775) -> 56775 | V7: =IFERROR(__xludf.DUMMYFUNCTION("""COMPUTED_VALUE"""),4.542521796) -> 4.5425218 | W7: =IFERROR(__xludf.DUMMYFUNCTION("""COMPUTED_VALUE"""),1500) -> 1500 | X7: =IFERROR(__xludf.DUMMYFUNCTION("""COMPUTED_VALUE"""),2102) -> 2102 | Y7: =IFERROR(__xludf.DUMMYFUNCTION("""COMPUTED_VALUE"""),1360) -> 1360 | Z7: =IFERROR(__xludf.DUMMYFUNCTION("""COMPUTED_VALUE"""),443) -> 443 | AA7: =IFERROR(__xludf.DUMMYFUNCTION("""COMPUTED_VALUE"""),299) -> 299 | AB7: =IFERROR(__xludf.DUMMYFUNCTION("""COMPUTED_VALUE"""),0) -> 0 | AC7: =IFERROR(__xludf.DUMMYFUNCTION("""COMPUTED_VALUE"""),20) -> 20 | AD7: =IFERROR(__xludf.DUMMYFUNCTION("""COMPUTED_VALUE"""),"late") -> late | AE7: =IFERROR(__xludf.DUMMYFUNCTION("""COMPUTED_VALUE"""),"2055-06-10T11:18:09.540509Z") -> 2055-06-10T11:18:09.540509Z | AF7: =IFERROR(__xludf.DUMMYFUNCTION("""COMPUTED_VALUE"""),"2055-06-10T11:23:08.754428Z") -> 2055-06-10T11:23:08.754428Z | AG7: =IFERROR(__xludf.DUMMYFUNCTION("""COMPUTED_VALUE"""),"2055-06-10T10:47:54.187365Z") -> 2055-06-10T10:47:54.187365Z | AH7: =IFERROR(__xludf.DUMMYFUNCTION("""COMPUTED_VALUE"""),"2055-06-10T11:10:46.951495Z") -> 2055-06-10T11:10:46.951495Z | AI7: =IFERROR(__xludf.DUMMYFUNCTION("""COMPUTED_VALUE"""),4.52) -> 4.52 | AJ7: =IFERROR(__xludf.DUMMYFUNCTION("""COMPUTED_VALUE"""),269) -> 269 | AK7: =IFERROR(__xludf.DUMMYFUNCTION("""COMPUTED_VALUE"""),895) -> 895 | AL7: =IFERROR(__xludf.DUMMYFUNCTION("""COMPUTED_VALUE"""),23) -> 23
A8: =IFERROR(__xludf.DUMMYFUNCTION("""COMPUTED_VALUE"""),5) -> 5 | B8: =IFERROR(__xludf.DUMMYFUNCTION("""COMPUTED_VALUE"""),5) -> 5 | C8: =IFERROR(__xludf.DUMMYFUNCTION("""COMPUTED_VALUE"""),4050) -> 4050 | D8: =IFERROR(__xludf.DUMMYFUNCTION("""COMPUTED_VALUE"""),"Doorlanta") -> Doorlanta | E8: =IFERROR(__xludf.DUMMYFUNCTION("""COMPUTED_VALUE"""),"Galaxy A") -> Galaxy A | F8: =IFERROR(__xludf.DUMMYFUNCTION("""COMPUTED_VALUE"""),"Jagar") -> Jagar | G8: =IFERROR(__xludf.DUMMYFUNCTION("""COMPUTED_VALUE"""),0) -> 0 | H8: =IFERROR(__xludf.DUMMYFUNCTION("""COMPUTED_VALUE"""),"car") -> car | I8: =IFERROR(__xludf.DUMMYFUNCTION("""COMPUTED_VALUE"""),"2055-06-01T14:26:36.995622Z") -> 2055-06-01T14:26:36.995622Z | J8: =IFERROR(__xludf.DUMMYFUNCTION("""COMPUTED_VALUE"""),"2055-06-01T16:00:00Z") -> 2055-06-01T16:00:00Z | K8: =IFERROR(__xludf.DUMMYFUNCTION("""COMPUTED_VALUE"""),"2055-06-01T16:00:00Z") -> 2055-06-01T16:00:00Z | L8: =IFERROR(__xludf.DUMMYFUNCTION("""COMPUTED_VALUE"""),0) -> 0 | M8: =IFERROR(__xludf.DUMMYFUNCTION("""COMPUTED_VALUE"""),0) -> 0 | N8: =IFERROR(__xludf.DUMMYFUNCTION("""COMPUTED_VALUE"""),"2055-06-01T15:41:52.41593Z") -> 2055-06-01T15:41:52.41593Z | O8: =IFERROR(__xludf.DUMMYFUNCTION("""COMPUTED_VALUE"""),"2055-06-01T15:52:44.442115Z") -> 2055-06-01T15:52:44.442115Z | P8: =IFERROR(__xludf.DUMMYFUNCTION("""COMPUTED_VALUE"""),"2055-06-01T15:00:07.376028Z") -> 2055-06-01T15:00:07.376028Z | Q8: =IFERROR(__xludf.DUMMYFUNCTION("""COMPUTED_VALUE"""),0) -> 0 | R8: =IFERROR(__xludf.DUMMYFUNCTION("""COMPUTED_VALUE"""),"2055-06-01T15:00:16.289572Z") -> 2055-06-01T15:00:16.289572Z | S8: =IFERROR(__xludf.DUMMYFUNCTION("""COMPUTED_VALUE"""),"2055-06-01T15:11:29.739589Z") -> 2055-06-01T15:11:29.739589Z | U8: =IFERROR(__xludf.DUMMYFUNCTION("""COMPUTED_VALUE"""),56766) -> 56766 | V8: =IFERROR(__xludf.DUMMYFUNCTION("""COMPUTED_VALUE"""),4.6) -> 4.6 | W8: =IFERROR(__xludf.DUMMYFUNCTION("""COMPUTED_VALUE"""),1500) -> 1500 | X8: =IFERROR(__xludf.DUMMYFUNCTION("""COMPUTED_VALUE"""),3148) -> 3148 | Y8: =IFERROR(__xludf.DUMMYFUNCTION("""COMPUTED_VALUE"""),673) -> 673 | Z8: =IFERROR(__xludf.DUMMYFUNCTION("""COMPUTED_VALUE"""),1823) -> 1823 | AA8: =IFERROR(__xludf.DUMMYFUNCTION("""COMPUTED_VALUE"""),652) -> 652 | AB8: =IFERROR(__xludf.DUMMYFUNCTION("""COMPUTED_VALUE"""),0) -> 0 | AC8: =IFERROR(__xludf.DUMMYFUNCTION("""COMPUTED_VALUE"""),15) -> 15 | AD8: =IFERROR(__xludf.DUMMYFUNCTION("""COMPUTED_VALUE"""),"early") -> early | AE8: =IFERROR(__xludf.DUMMYFUNCTION("""COMPUTED_VALUE"""),"2055-06-01T11:41:52.41593Z") -> 2055-06-01T11:41:52.41593Z | AF8: =IFERROR(__xludf.DUMMYFUNCTION("""COMPUTED_VALUE"""),"2055-06-01T11:52:44.442115Z") -> 2055-06-01T11:52:44.442115Z | AG8: =IFERROR(__xludf.DUMMYFUNCTION("""COMPUTED_VALUE"""),"2055-06-01T11:00:07.376028Z") -> 2055-06-01T11:00:07.376028Z | AH8: =IFERROR(__xludf.DUMMYFUNCTION("""COMPUTED_VALUE"""),"2055-06-01T11:11:29.739589Z") -> 2055-06-01T11:11:29.739589Z | AI8: =IFERROR(__xludf.DUMMYFUNCTION("""COMPUTED_VALUE"""),4.89) -> 4.89 | AJ8: =IFERROR(__xludf.DUMMYFUNCTION("""COMPUTED_VALUE"""),1778) -> 1778 | AK8: =IFERROR(__xludf.DUMMYFUNCTION("""COMPUTED_VALUE"""),5138) -> 5138 | AL8: =IFERROR(__xludf.DUMMYFUNCTION("""COMPUTED_VALUE"""),314) -> 314
A9: =IFERROR(__xludf.DUMMYFUNCTION("""COMPUTED_VALUE"""),823) -> 823 | B9: =IFERROR(__xludf.DUMMYFUNCTION("""COMPUTED_VALUE"""),5) -> 5 | C9: =IFERROR(__xludf.DUMMYFUNCTION("""COMPUTED_VALUE"""),4001) -> 4001 | D9: =IFERROR(__xludf.DUMMYFUNCTION("""COMPUTED_VALUE"""),"Dashattan") -> Dashattan | E9: =IFERROR(__xludf.DUMMYFUNCTION("""COMPUTED_VALUE"""),"Galaxy A") -> Galaxy A | F9: =IFERROR(__xludf.DUMMYFUNCTION("""COMPUTED_VALUE"""),"Samm") -> Samm | G9: =IFERROR(__xludf.DUMMYFUNCTION("""COMPUTED_VALUE"""),0) -> 0 | H9: =IFERROR(__xludf.DUMMYFUNCTION("""COMPUTED_VALUE"""),"car") -> car | I9: =IFERROR(__xludf.DUMMYFUNCTION("""COMPUTED_VALUE"""),"2055-06-07T12:29:58.490584Z") -> 2055-06-07T12:29:58.490584Z | J9: =IFERROR(__xludf.DUMMYFUNCTION("""COMPUTED_VALUE"""),"2055-06-07T23:15:00Z") -> 2055-06-07T23:15:00Z | K9: =IFERROR(__xludf.DUMMYFUNCTION("""COMPUTED_VALUE"""),"2055-06-07T23:15:00Z") -> 2055-06-07T23:15:00Z | L9: =IFERROR(__xludf.DUMMYFUNCTION("""COMPUTED_VALUE"""),0) -> 0 | M9: =IFERROR(__xludf.DUMMYFUNCTION("""COMPUTED_VALUE"""),0) -> 0 | N9: =IFERROR(__xludf.DUMMYFUNCTION("""COMPUTED_VALUE"""),"2055-06-07T23:06:49.039195Z") -> 2055-06-07T23:06:49.039195Z | O9: =IFERROR(__xludf.DUMMYFUNCTION("""COMPUTED_VALUE"""),"2055-06-07T23:07:04.529095Z") -> 2055-06-07T23:07:04.529095Z | P9: =IFERROR(__xludf.DUMMYFUNCTION("""COMPUTED_VALUE"""),"2055-06-07T22:18:34.346697Z") -> 2055-06-07T22:18:34.346697Z | Q9: =IFERROR(__xludf.DUMMYFUNCTION("""COMPUTED_VALUE"""),0) -> 0 | R9: =IFERROR(__xludf.DUMMYFUNCTION("""COMPUTED_VALUE"""),"2055-06-07T22:18:39.784875Z") -> 2055-06-07T22:18:39.784875Z | S9: =IFERROR(__xludf.DUMMYFUNCTION("""COMPUTED_VALUE"""),"2055-06-07T22:33:52.326656Z") -> 2055-06-07T22:33:52.326656Z | U9: =IFERROR(__xludf.DUMMYFUNCTION("""COMPUTED_VALUE"""),56772) -> 56772 | V9: =IFERROR(__xludf.DUMMYFUNCTION("""COMPUTED_VALUE"""),3.242009848) -> 3.2420098 | W9: =IFERROR(__xludf.DUMMYFUNCTION("""COMPUTED_VALUE"""),1500) -> 1500 | X9: =IFERROR(__xludf.DUMMYFUNCTION("""COMPUTED_VALUE"""),2905) -> 2905 | Y9: =IFERROR(__xludf.DUMMYFUNCTION("""COMPUTED_VALUE"""),913) -> 913 | Z9: =IFERROR(__xludf.DUMMYFUNCTION("""COMPUTED_VALUE"""),1977) -> 1977 | AA9: =IFERROR(__xludf.DUMMYFUNCTION("""COMPUTED_VALUE"""),15) -> 15 | AB9: =IFERROR(__xludf.DUMMYFUNCTION("""COMPUTED_VALUE"""),0) -> 0 | AC9: =IFERROR(__xludf.DUMMYFUNCTION("""COMPUTED_VALUE"""),6) -> 6 | AD9: =IFERROR(__xludf.DUMMYFUNCTION("""COMPUTED_VALUE"""),"late") -> late | AE9: =IFERROR(__xludf.DUMMYFUNCTION("""COMPUTED_VALUE"""),"2055-06-07T19:06:49.039195Z") -> 2055-06-07T19:06:49.039195Z | AF9: =IFERROR(__xludf.DUMMYFUNCTION("""COMPUTED_VALUE"""),"2055-06-07T19:07:04.529095Z") -> 2055-06-07T19:07:04.529095Z | AG9: =IFERROR(__xludf.DUMMYFUNCTION("""COMPUTED_VALUE"""),"2055-06-07T18:18:34.346697Z") -> 2055-06-07T18:18:34.346697Z | AH9: =IFERROR(__xludf.DUMMYFUNCTION("""COMPUTED_VALUE"""),"2055-06-07T18:33:52.326656Z") -> 2055-06-07T18:33:52.326656Z | AI9: =IFERROR(__xludf.DUMMYFUNCTION("""COMPUTED_VALUE"""),4.03) -> 4.03 | AJ9: =IFERROR(__xludf.DUMMYFUNCTION("""COMPUTED_VALUE"""),505) -> 505 | AK9: =IFERROR(__xludf.DUMMYFUNCTION("""COMPUTED_VALUE"""),1721) -> 1721 | AL9: =IFERROR(__xludf.DUMMYFUNCTION("""COMPUTED_VALUE"""),457) -> 457
A10: =IFERROR(__xludf.DUMMYFUNCTION("""COMPUTED_VALUE"""),275) -> 275 | C10: =IFERROR(__xludf.DUMMYFUNCTION("""COMPUTED_VALUE"""),4001) -> 4001 | D10: =IFERROR(__xludf.DUMMYFUNCTION("""COMPUTED_VALUE"""),"Dashattan") -> Dashattan | E10: =IFERROR(__xludf.DUMMYFUNCTION("""COMPUTED_VALUE"""),"Galaxy A") -> Galaxy A | F10: =IFERROR(__xludf.DUMMYFUNCTION("""COMPUTED_VALUE"""),"Samm") -> Samm | G10: =IFERROR(__xludf.DUMMYFUNCTION("""COMPUTED_VALUE"""),0) -> 0 | H10: =IFERROR(__xludf.DUMMYFUNCTION("""COMPUTED_VALUE"""),"car") -> car | I10: =IFERROR(__xludf.DUMMYFUNCTION("""COMPUTED_VALUE"""),"2055-06-03T15:49:29.798239Z") -> 2055-06-03T15:49:29.798239Z | J10: =IFERROR(__xludf.DUMMYFUNCTION("""COMPUTED_VALUE"""),"2055-06-03T17:14:45.888Z") -> 2055-06-03T17:14:45.888Z | K10: =IFERROR(__xludf.DUMMYFUNCTION("""COMPUTED_VALUE"""),"2055-06-03T17:01:32.888Z") -> 2055-06-03T17:01:32.888Z | L10: =IFERROR(__xludf.DUMMYFUNCTION("""COMPUTED_VALUE"""),1) -> 1 | M10: =IFERROR(__xludf.DUMMYFUNCTION("""COMPUTED_VALUE"""),0) -> 0 | N10: =IFERROR(__xludf.DUMMYFUNCTION("""COMPUTED_VALUE"""),"2055-06-03T16:37:12.215405Z") -> 2055-06-03T16:37:12.215405Z | O10: =IFERROR(__xludf.DUMMYFUNCTION("""COMPUTED_VALUE"""),"2055-06-03T16:51:15.79938Z") -> 2055-06-03T16:51:15.79938Z | P10: =IFERROR(__xludf.DUMMYFUNCTION("""COMPUTED_VALUE"""),"2055-06-03T16:05:14.936934Z") -> 2055-06-03T16:05:14.936934Z | Q10: =IFERROR(__xludf.DUMMYFUNCTION("""COMPUTED_VALUE"""),0) -> 0 | R10: =IFERROR(__xludf.DUMMYFUNCTION("""COMPUTED_VALUE"""),"2055-06-03T16:05:22.620426Z") -> 2055-06-03T16:05:22.620426Z | S10: =IFERROR(__xludf.DUMMYFUNCTION("""COMPUTED_VALUE"""),"2055-06-03T16:32:42.302357Z") -> 2055-06-03T16:32:42.302357Z | U10: =IFERROR(__xludf.DUMMYFUNCTION("""COMPUTED_VALUE"""),56768) -> 56768 | V10: =IFERROR(__xludf.DUMMYFUNCTION("""COMPUTED_VALUE"""),4.6) -> 4.6 | W10: =IFERROR(__xludf.DUMMYFUNCTION("""COMPUTED_VALUE"""),1500) -> 1500 | X10: =IFERROR(__xludf.DUMMYFUNCTION("""COMPUTED_VALUE"""),2753) -> 2753 | Y10: =IFERROR(__xludf.DUMMYFUNCTION("""COMPUTED_VALUE"""),1640) -> 1640 | Z10: =IFERROR(__xludf.DUMMYFUNCTION("""COMPUTED_VALUE"""),270) -> 270 | AA10: =IFERROR(__xludf.DUMMYFUNCTION("""COMPUTED_VALUE"""),843) -> 843 | AB10: =IFERROR(__xludf.DUMMYFUNCTION("""COMPUTED_VALUE"""),0) -> 0 | AC10: =IFERROR(__xludf.DUMMYFUNCTION("""COMPUTED_VALUE"""),10) -> 10 | AD10: =IFERROR(__xludf.DUMMYFUNCTION("""COMPUTED_VALUE"""),"late") -> late | AE10: =IFERROR(__xludf.DUMMYFUNCTION("""COMPUTED_VALUE"""),"2055-06-03T12:37:12.215405Z") -> 2055-06-03T12:37:12.215405Z | AF10: =IFERROR(__xludf.DUMMYFUNCTION("""COMPUTED_VALUE"""),"2055-06-03T12:51:15.79938Z") -> 2055-06-03T12:51:15.79938Z | AG10: =IFERROR(__xludf.DUMMYFUNCTION("""COMPUTED_VALUE"""),"2055-06-03T12:05:14.936934Z") -> 2055-06-03T12:05:14.936934Z | AH10: =IFERROR(__xludf.DUMMYFUNCTION("""COMPUTED_VALUE"""),"2055-06-03T12:32:42.302357Z") -> 2055-06-03T12:32:42.302357Z | AI10: =IFERROR(__xludf.DUMMYFUNCTION("""COMPUTED_VALUE"""),4.03) -> 4.03 | AJ10: =IFERROR(__xludf.DUMMYFUNCTION("""COMPUTED_VALUE"""),505) -> 505 | AK10: =IFERROR(__xludf.DUMMYFUNCTION("""COMPUTED_VALUE"""),1721) -> 1721 | AL10: =IFERROR(__xludf.DUMMYFUNCTION("""COMPUTED_VALUE"""),457) -> 457
A11: =IFERROR(__xludf.DUMMYFUNCTION("""COMPUTED_VALUE"""),3) -> 3 | B11: =IFERROR(__xludf.DUMMYFUNCTION("""COMPUTED_VALUE"""),4) -> 4 | C11: =IFERROR(__xludf.DUMMYFUNCTION("""COMPUTED_VALUE"""),4050) -> 4050 | D11: =IFERROR(__xludf.DUMMYFUNCTION("""COMPUTED_VALUE"""),"Doorlanta") -> Doorlanta | E11: =IFERROR(__xludf.DUMMYFUNCTION("""COMPUTED_VALUE"""),"Galaxy A") -> Galaxy A | F11: =IFERROR(__xludf.DUMMYFUNCTION("""COMPUTED_VALUE"""),"Sal") -> Sal | G11: =IFERROR(__xludf.DUMMYFUNCTION("""COMPUTED_VALUE"""),0) -> 0 | H11: =IFERROR(__xludf.DUMMYFUNCTION("""COMPUTED_VALUE"""),"car") -> car | I11: =IFERROR(__xludf.DUMMYFUNCTION("""COMPUTED_VALUE"""),"2055-06-01T14:19:19.004452Z") -> 2055-06-01T14:19:19.004452Z | J11: =IFERROR(__xludf.DUMMYFUNCTION("""COMPUTED_VALUE"""),"2055-06-01T16:00:00Z") -> 2055-06-01T16:00:00Z | K11: =IFERROR(__xludf.DUMMYFUNCTION("""COMPUTED_VALUE"""),"2055-06-01T16:00:00Z") -> 2055-06-01T16:00:00Z | L11: =IFERROR(__xludf.DUMMYFUNCTION("""COMPUTED_VALUE"""),0) -> 0 | M11: =IFERROR(__xludf.DUMMYFUNCTION("""COMPUTED_VALUE"""),0) -> 0 | N11: =IFERROR(__xludf.DUMMYFUNCTION("""COMPUTED_VALUE"""),"2055-06-01T15:54:40.489099Z") -> 2055-06-01T15:54:40.489099Z | O11: =IFERROR(__xludf.DUMMYFUNCTION("""COMPUTED_VALUE"""),"2055-06-01T16:10:40.273128Z") -> 2055-06-01T16:10:40.273128Z | P11: =IFERROR(__xludf.DUMMYFUNCTION("""COMPUTED_VALUE"""),"2055-06-01T15:00:07.351144Z") -> 2055-06-01T15:00:07.351144Z | Q11: =IFERROR(__xludf.DUMMYFUNCTION("""COMPUTED_VALUE"""),0) -> 0 | R11: =IFERROR(__xludf.DUMMYFUNCTION("""COMPUTED_VALUE"""),"2055-06-01T15:00:15.282234Z") -> 2055-06-01T15:00:15.282234Z | U11: =IFERROR(__xludf.DUMMYFUNCTION("""COMPUTED_VALUE"""),56766) -> 56766 | V11: =IFERROR(__xludf.DUMMYFUNCTION("""COMPUTED_VALUE"""),2.723830758) -> 2.7238308 | W11: =IFERROR(__xludf.DUMMYFUNCTION("""COMPUTED_VALUE"""),1000) -> 1000 | X11: =IFERROR(__xludf.DUMMYFUNCTION("""COMPUTED_VALUE"""),4225) -> 4225 | AA11: =IFERROR(__xludf.DUMMYFUNCTION("""COMPUTED_VALUE"""),960) -> 960 | AB11: =IFERROR(__xludf.DUMMYFUNCTION("""COMPUTED_VALUE"""),0) -> 0 | AC11: =IFERROR(__xludf.DUMMYFUNCTION("""COMPUTED_VALUE"""),7) -> 7 | AE11: =IFERROR(__xludf.DUMMYFUNCTION("""COMPUTED_VALUE"""),"2055-06-01T11:54:40.489099Z") -> 2055-06-01T11:54:40.489099Z | AF11: =IFERROR(__xludf.DUMMYFUNCTION("""COMPUTED_VALUE"""),"2055-06-01T12:10:40.273128Z") -> 2055-06-01T12:10:40.273128Z | AG11: =IFERROR(__xludf.DUMMYFUNCTION("""COMPUTED_VALUE"""),"2055-06-01T11:00:07.351144Z") -> 2055-06-01T11:00:07.351144Z | AI11: =IFERROR(__xludf.DUMMYFUNCTION("""COMPUTED_VALUE"""),4.46) -> 4.46 | AJ11: =IFERROR(__xludf.DUMMYFUNCTION("""COMPUTED_VALUE"""),349) -> 349 | AK11: =IFERROR(__xludf.DUMMYFUNCTION("""COMPUTED_VALUE"""),779) -> 779
A12: =IFERROR(__xludf.DUMMYFUNCTION("""COMPUTED_VALUE"""),613) -> 613 | B12: =IFERROR(__xludf.DUMMYFUNCTION("""COMPUTED_VALUE"""),5) -> 5 | C12: =IFERROR(__xludf.DUMMYFUNCTION("""COMPUTED_VALUE"""),4050) -> 4050 | D12: =IFERROR(__xludf.DUMMYFUNCTION("""COMPUTED_VALUE"""),"Doorlanta") -> Doorlanta | E12: =IFERROR(__xludf.DUMMYFUNCTION("""COMPUTED_VALUE"""),"Galaxy A") -> Galaxy A | F12: =IFERROR(__xludf.DUMMYFUNCTION("""COMPUTED_VALUE"""),"Kev") -> Kev | G12: =IFERROR(__xludf.DUMMYFUNCTION("""COMPUTED_VALUE"""),1) -> 1 | H12: =IFERROR(__xludf.DUMMYFUNCTION("""COMPUTED_VALUE"""),"car") -> car | I12: =IFERROR(__xludf.DUMMYFUNCTION("""COMPUTED_VALUE"""),"2055-06-05T20:29:49.293908Z") -> 2055-06-05T20:29:49.293908Z | J12: =IFERROR(__xludf.DUMMYFUNCTION("""COMPUTED_VALUE"""),"2055-06-05T21:57:03.367Z") -> 2055-06-05T21:57:03.367Z | K12: =IFERROR(__xludf.DUMMYFUNCTION("""COMPUTED_VALUE"""),"2055-06-05T21:36:56.367Z") -> 2055-06-05T21:36:56.367Z | L12: =IFERROR(__xludf.DUMMYFUNCTION("""COMPUTED_VALUE"""),1) -> 1 | M12: =IFERROR(__xludf.DUMMYFUNCTION("""COMPUTED_VALUE"""),0) -> 0 | N12: =IFERROR(__xludf.DUMMYFUNCTION("""COMPUTED_VALUE"""),"2055-06-05T21:00:53.690836Z") -> 2055-06-05T21:00:53.690836Z | O12: =IFERROR(__xludf.DUMMYFUNCTION("""COMPUTED_VALUE"""),"2055-06-05T21:25:21.417903Z") -> 2055-06-05T21:25:21.417903Z | P12: =IFERROR(__xludf.DUMMYFUNCTION("""COMPUTED_VALUE"""),"2055-06-05T20:47:07.290523Z") -> 2055-06-05T20:47:07.290523Z | Q12: =IFERROR(__xludf.DUMMYFUNCTION("""COMPUTED_VALUE"""),0) -> 0 | R12: =IFERROR(__xludf.DUMMYFUNCTION("""COMPUTED_VALUE"""),"2055-06-05T20:47:13.383317Z") -> 2055-06-05T20:47:13.383317Z | S12: =IFERROR(__xludf.DUMMYFUNCTION("""COMPUTED_VALUE"""),"2055-06-05T20:55:06.423426Z") -> 2055-06-05T20:55:06.423426Z | U12: =IFERROR(__xludf.DUMMYFUNCTION("""COMPUTED_VALUE"""),56770) -> 56770 | V12: =IFERROR(__xludf.DUMMYFUNCTION("""COMPUTED_VALUE"""),4.7) -> 4.7 | W12: =IFERROR(__xludf.DUMMYFUNCTION("""COMPUTED_VALUE"""),1000) -> 1000 | X12: =IFERROR(__xludf.DUMMYFUNCTION("""COMPUTED_VALUE"""),2288) -> 2288 | Y12: =IFERROR(__xludf.DUMMYFUNCTION("""COMPUTED_VALUE"""),473) -> 473 | Z12: =IFERROR(__xludf.DUMMYFUNCTION("""COMPUTED_VALUE"""),347) -> 347 | AA12: =IFERROR(__xludf.DUMMYFUNCTION("""COMPUTED_VALUE"""),1468) -> 1468 | AB12: =IFERROR(__xludf.DUMMYFUNCTION("""COMPUTED_VALUE"""),0) -> 0 | AC12: =IFERROR(__xludf.DUMMYFUNCTION("""COMPUTED_VALUE"""),16) -> 16 | AD12: =IFERROR(__xludf.DUMMYFUNCTION("""COMPUTED_VALUE"""),"late") -> late | AE12: =IFERROR(__xludf.DUMMYFUNCTION("""COMPUTED_VALUE"""),"2055-06-05T17:00:53.690836Z") -> 2055-06-05T17:00:53.690836Z | AF12: =IFERROR(__xludf.DUMMYFUNCTION("""COMPUTED_VALUE"""),"2055-06-05T17:25:21.417903Z") -> 2055-06-05T17:25:21.417903Z | AG12: =IFERROR(__xludf.DUMMYFUNCTION("""COMPUTED_VALUE"""),"2055-06-05T16:47:07.290523Z") -> 2055-06-05T16:47:07.290523Z | AH12: =IFERROR(__xludf.DUMMYFUNCTION("""COMPUTED_VALUE"""),"2055-06-05T16:55:06.423426Z") -> 2055-06-05T16:55:06.423426Z | AI12: =IFERROR(__xludf.DUMMYFUNCTION("""COMPUTED_VALUE"""),4.740740741) -> 4.7407407 | AJ12: =IFERROR(__xludf.DUMMYFUNCTION("""COMPUTED_VALUE"""),43) -> 43 | AK12: =IFERROR(__xludf.DUMMYFUNCTION("""COMPUTED_VALUE"""),144) -> 144 | AL12: =IFERROR(__xludf.DUMMYFUNCTION("""COMPUTED_VALUE"""),80) -> 80
A13: =IFERROR(__xludf.DUMMYFUNCTION("""COMPUTED_VALUE"""),718) -> 718 | C13: =IFERROR(__xludf.DUMMYFUNCTION("""COMPUTED_VALUE"""),4050) -> 4050 | D13: =IFERROR(__xludf.DUMMYFUNCTION("""COMPUTED_VALUE"""),"Doorlanta") -> Doorlanta | E13: =IFERROR(__xludf.DUMMYFUNCTION("""COMPUTED_VALUE"""),"Galaxy A") -> Galaxy A | F13: =IFERROR(__xludf.DUMMYFUNCTION("""COMPUTED_VALUE"""),"Matt") -> Matt | G13: =IFERROR(__xludf.DUMMYFUNCTION("""COMPUTED_VALUE"""),0) -> 0 | H13: =IFERROR(__xludf.DUMMYFUNCTION("""COMPUTED_VALUE"""),"car") -> car | I13: =IFERROR(__xludf.DUMMYFUNCTION("""COMPUTED_VALUE"""),"2055-06-06T01:27:59.301958Z") -> 2055-06-06T01:27:59.301958Z | J13: =IFERROR(__xludf.DUMMYFUNCTION("""COMPUTED_VALUE"""),"2055-06-06T16:00:00Z") -> 2055-06-06T16:00:00Z | K13: =IFERROR(__xludf.DUMMYFUNCTION("""COMPUTED_VALUE"""),"2055-06-06T16:00:00Z") -> 2055-06-06T16:00:00Z | L13: =IFERROR(__xludf.DUMMYFUNCTION("""COMPUTED_VALUE"""),0) -> 0 | M13: =IFERROR(__xludf.DUMMYFUNCTION("""COMPUTED_VALUE"""),0) -> 0 | N13: =IFERROR(__xludf.DUMMYFUNCTION("""COMPUTED_VALUE"""),"2055-06-06T15:49:55.135794Z") -> 2055-06-06T15:49:55.135794Z | O13: =IFERROR(__xludf.DUMMYFUNCTION("""COMPUTED_VALUE"""),"2055-06-06T16:03:24.394424Z") -> 2055-06-06T16:03:24.394424Z | P13: =IFERROR(__xludf.DUMMYFUNCTION("""COMPUTED_VALUE"""),"2055-06-06T15:00:07.288126Z") -> 2055-06-06T15:00:07.288126Z | Q13: =IFERROR(__xludf.DUMMYFUNCTION("""COMPUTED_VALUE"""),0) -> 0 | R13: =IFERROR(__xludf.DUMMYFUNCTION("""COMPUTED_VALUE"""),"2055-06-06T15:00:26.211274Z") -> 2055-06-06T15:00:26.211274Z | S13: =IFERROR(__xludf.DUMMYFUNCTION("""COMPUTED_VALUE"""),"2055-06-06T15:12:18.023155Z") -> 2055-06-06T15:12:18.023155Z | U13: =IFERROR(__xludf.DUMMYFUNCTION("""COMPUTED_VALUE"""),56771) -> 56771 | V13: =IFERROR(__xludf.DUMMYFUNCTION("""COMPUTED_VALUE"""),4.5) -> 4.5 | W13: =IFERROR(__xludf.DUMMYFUNCTION("""COMPUTED_VALUE"""),1000) -> 1000 | X13: =IFERROR(__xludf.DUMMYFUNCTION("""COMPUTED_VALUE"""),3778) -> 3778 | Y13: =IFERROR(__xludf.DUMMYFUNCTION("""COMPUTED_VALUE"""),712) -> 712 | Z13: =IFERROR(__xludf.DUMMYFUNCTION("""COMPUTED_VALUE"""),2257) -> 2257 | AA13: =IFERROR(__xludf.DUMMYFUNCTION("""COMPUTED_VALUE"""),809) -> 809 | AB13: =IFERROR(__xludf.DUMMYFUNCTION("""COMPUTED_VALUE"""),0) -> 0 | AC13: =IFERROR(__xludf.DUMMYFUNCTION("""COMPUTED_VALUE"""),10) -> 10 | AD13: =IFERROR(__xludf.DUMMYFUNCTION("""COMPUTED_VALUE"""),"early") -> early | AE13: =IFERROR(__xludf.DUMMYFUNCTION("""COMPUTED_VALUE"""),"2055-06-06T11:49:55.135794Z") -> 2055-06-06T11:49:55.135794Z | AF13: =IFERROR(__xludf.DUMMYFUNCTION("""COMPUTED_VALUE"""),"2055-06-06T12:03:24.394424Z") -> 2055-06-06T12:03:24.394424Z | AG13: =IFERROR(__xludf.DUMMYFUNCTION("""COMPUTED_VALUE"""),"2055-06-06T11:00:07.288126Z") -> 2055-06-06T11:00:07.288126Z | AH13: =IFERROR(__xludf.DUMMYFUNCTION("""COMPUTED_VALUE"""),"2055-06-06T11:12:18.023155Z") -> 2055-06-06T11:12:18.023155Z | AI13: =IFERROR(__xludf.DUMMYFUNCTION("""COMPUTED_VALUE"""),4.22) -> 4.22 | AJ13: =IFERROR(__xludf.DUMMYFUNCTION("""COMPUTED_VALUE"""),1551) -> 1551 | AK13: =IFERROR(__xludf.DUMMYFUNCTION("""COMPUTED_VALUE"""),4625) -> 4625
A14: =IFERROR(__xludf.DUMMYFUNCTION("""COMPUTED_VALUE"""),927) -> 927 | C14: =IFERROR(__xludf.DUMMYFUNCTION("""COMPUTED_VALUE"""),4050) -> 4050 | D14: =IFERROR(__xludf.DUMMYFUNCTION("""COMPUTED_VALUE"""),"Doorlanta") -> Doorlanta | E14: =IFERROR(__xludf.DUMMYFUNCTION("""COMPUTED_VALUE"""),"Galaxy A") -> Galaxy A | F14: =IFERROR(__xludf.DUMMYFUNCTION("""COMPUTED_VALUE"""),"Jagar") -> Jagar | G14: =IFERROR(__xludf.DUMMYFUNCTION("""COMPUTED_VALUE"""),0) -> 0 | H14: =IFERROR(__xludf.DUMMYFUNCTION("""COMPUTED_VALUE"""),"car") -> car | I14: =IFERROR(__xludf.DUMMYFUNCTION("""COMPUTED_VALUE"""),"2055-06-08T14:23:46.742847Z") -> 2055-06-08T14:23:46.742847Z | J14: =IFERROR(__xludf.DUMMYFUNCTION("""COMPUTED_VALUE"""),"2055-06-08T16:30:00Z") -> 2055-06-08T16:30:00Z | K14: =IFERROR(__xludf.DUMMYFUNCTION("""COMPUTED_VALUE"""),"2055-06-08T16:30:00Z") -> 2055-06-08T16:30:00Z | L14: =IFERROR(__xludf.DUMMYFUNCTION("""COMPUTED_VALUE"""),0) -> 0 | M14: =IFERROR(__xludf.DUMMYFUNCTION("""COMPUTED_VALUE"""),0) -> 0 | N14: =IFERROR(__xludf.DUMMYFUNCTION("""COMPUTED_VALUE"""),"2055-06-08T16:02:19.598742Z") -> 2055-06-08T16:02:19.598742Z | O14: =IFERROR(__xludf.DUMMYFUNCTION("""COMPUTED_VALUE"""),"2055-06-08T16:11:42.561344Z") -> 2055-06-08T16:11:42.561344Z | P14: =IFERROR(__xludf.DUMMYFUNCTION("""COMPUTED_VALUE"""),"2055-06-08T15:30:27.401737Z") -> 2055-06-08T15:30:27.401737Z | Q14: =IFERROR(__xludf.DUMMYFUNCTION("""COMPUTED_VALUE"""),0) -> 0 | R14: =IFERROR(__xludf.DUMMYFUNCTION("""COMPUTED_VALUE"""),"2055-06-08T15:30:38.403377Z") -> 2055-06-08T15:30:38.403377Z | S14: =IFERROR(__xludf.DUMMYFUNCTION("""COMPUTED_VALUE"""),"2055-06-08T15:39:54.411513Z") -> 2055-06-08T15:39:54.411513Z | U14: =IFERROR(__xludf.DUMMYFUNCTION("""COMPUTED_VALUE"""),56773) -> 56773 | V14: =IFERROR(__xludf.DUMMYFUNCTION("""COMPUTED_VALUE"""),4.6) -> 4.6 | W14: =IFERROR(__xludf.DUMMYFUNCTION("""COMPUTED_VALUE"""),1000) -> 1000 | X14: =IFERROR(__xludf.DUMMYFUNCTION("""COMPUTED_VALUE"""),2464) -> 2464 | Y14: =IFERROR(__xludf.DUMMYFUNCTION("""COMPUTED_VALUE"""),556) -> 556 | Z14: =IFERROR(__xludf.DUMMYFUNCTION("""COMPUTED_VALUE"""),1345) -> 1345 | AA14: =IFERROR(__xludf.DUMMYFUNCTION("""COMPUTED_VALUE"""),563) -> 563 | AB14: =IFERROR(__xludf.DUMMYFUNCTION("""COMPUTED_VALUE"""),0) -> 0 | AC14: =IFERROR(__xludf.DUMMYFUNCTION("""COMPUTED_VALUE"""),10) -> 10 | AD14: =IFERROR(__xludf.DUMMYFUNCTION("""COMPUTED_VALUE"""),"early") -> early | AE14: =IFERROR(__xludf.DUMMYFUNCTION("""COMPUTED_VALUE"""),"2055-06-08T12:02:19.598742Z") -> 2055-06-08T12:02:19.598742Z | AF14: =IFERROR(__xludf.DUMMYFUNCTION("""COMPUTED_VALUE"""),"2055-06-08T12:11:42.561344Z") -> 2055-06-08T12:11:42.561344Z | AG14: =IFERROR(__xludf.DUMMYFUNCTION("""COMPUTED_VALUE"""),"2055-06-08T11:30:27.401737Z") -> 2055-06-08T11:30:27.401737Z | AH14: =IFERROR(__xludf.DUMMYFUNCTION("""COMPUTED_VALUE"""),"2055-06-08T11:39:54.411513Z") -> 2055-06-08T11:39:54.411513Z | AI14: =IFERROR(__xludf.DUMMYFUNCTION("""COMPUTED_VALUE"""),4.89) -> 4.89 | AJ14: =IFERROR(__xludf.DUMMYFUNCTION("""COMPUTED_VALUE"""),1778) -> 1778 | AK14: =IFERROR(__xludf.DUMMYFUNCTION("""COMPUTED_VALUE"""),5138) -> 5138 | AL14: =IFERROR(__xludf.DUMMYFUNCTION("""COMPUTED_VALUE"""),314) -> 314
A15: =IFERROR(__xludf.DUMMYFUNCTION("""COMPUTED_VALUE"""),286) -> 286 | B15: =IFERROR(__xludf.DUMMYFUNCTION("""COMPUTED_VALUE"""),3) -> 3 | C15: =IFERROR(__xludf.DUMMYFUNCTION("""COMPUTED_VALUE"""),4050) -> 4050 | D15: =IFERROR(__xludf.DUMMYFUNCTION("""COMPUTED_VALUE"""),"Doorlanta") -> Doorlanta | E15: =IFERROR(__xludf.DUMMYFUNCTION("""COMPUTED_VALUE"""),"Galaxy A") -> Galaxy A | F15: =IFERROR(__xludf.DUMMYFUNCTION("""COMPUTED_VALUE"""),"Ash") -> Ash | G15: =IFERROR(__xludf.DUMMYFUNCTION("""COMPUTED_VALUE"""),0) -> 0 | H15: =IFERROR(__xludf.DUMMYFUNCTION("""COMPUTED_VALUE"""),"car") -> car | I15: =IFERROR(__xludf.DUMMYFUNCTION("""COMPUTED_VALUE"""),"2055-06-03T16:25:31.409567Z") -> 2055-06-03T16:25:31.409567Z | J15: =IFERROR(__xludf.DUMMYFUNCTION("""COMPUTED_VALUE"""),"2055-06-03T17:38:49.501Z") -> 2055-06-03T17:38:49.501Z | K15: =IFERROR(__xludf.DUMMYFUNCTION("""COMPUTED_VALUE"""),"2055-06-03T17:19:10.501Z") -> 2055-06-03T17:19:10.501Z | L15: =IFERROR(__xludf.DUMMYFUNCTION("""COMPUTED_VALUE"""),1) -> 1 | M15: =IFERROR(__xludf.DUMMYFUNCTION("""COMPUTED_VALUE"""),0) -> 0 | N15: =IFERROR(__xludf.DUMMYFUNCTION("""COMPUTED_VALUE"""),"2055-06-03T16:59:05.379588Z") -> 2055-06-03T16:59:05.379588Z | O15: =IFERROR(__xludf.DUMMYFUNCTION("""COMPUTED_VALUE"""),"2055-06-03T17:35:42.669252Z") -> 2055-06-03T17:35:42.669252Z | P15: =IFERROR(__xludf.DUMMYFUNCTION("""COMPUTED_VALUE"""),"2055-06-03T16:31:27.371306Z") -> 2055-06-03T16:31:27.371306Z | Q15: =IFERROR(__xludf.DUMMYFUNCTION("""COMPUTED_VALUE"""),0) -> 0 | R15: =IFERROR(__xludf.DUMMYFUNCTION("""COMPUTED_VALUE"""),"2055-06-03T16:31:36.262896Z") -> 2055-06-03T16:31:36.262896Z | U15: =IFERROR(__xludf.DUMMYFUNCTION("""COMPUTED_VALUE"""),56768) -> 56768 | V15: =IFERROR(__xludf.DUMMYFUNCTION("""COMPUTED_VALUE"""),4.5) -> 4.5 | W15: =IFERROR(__xludf.DUMMYFUNCTION("""COMPUTED_VALUE"""),1000) -> 1000 | X15: =IFERROR(__xludf.DUMMYFUNCTION("""COMPUTED_VALUE"""),3846) -> 3846 | AA15: =IFERROR(__xludf.DUMMYFUNCTION("""COMPUTED_VALUE"""),2197) -> 2197 | AB15: =IFERROR(__xludf.DUMMYFUNCTION("""COMPUTED_VALUE"""),0) -> 0 | AC15: =IFERROR(__xludf.DUMMYFUNCTION("""COMPUTED_VALUE"""),7) -> 7 | AE15: =IFERROR(__xludf.DUMMYFUNCTION("""COMPUTED_VALUE"""),"2055-06-03T12:59:05.379588Z") -> 2055-06-03T12:59:05.379588Z | AF15: =IFERROR(__xludf.DUMMYFUNCTION("""COMPUTED_VALUE"""),"2055-06-03T13:35:42.669252Z") -> 2055-06-03T13:35:42.669252Z | AG15: =IFERROR(__xludf.DUMMYFUNCTION("""COMPUTED_VALUE"""),"2055-06-03T12:31:27.371306Z") -> 2055-06-03T12:31:27.371306Z | AI15: =IFERROR(__xludf.DUMMYFUNCTION("""COMPUTED_VALUE"""),4.66) -> 4.66 | AJ15: =IFERROR(__xludf.DUMMYFUNCTION("""COMPUTED_VALUE"""),161) -> 161 | AK15: =IFERROR(__xludf.DUMMYFUNCTION("""COMPUTED_VALUE"""),398) -> 398
A16: =IFERROR(__xludf.DUMMYFUNCTION("""COMPUTED_VALUE"""),94) -> 94 | B16: =IFERROR(__xludf.DUMMYFUNCTION("""COMPUTED_VALUE"""),5) -> 5 | C16: =IFERROR(__xludf.DUMMYFUNCTION("""COMPUTED_VALUE"""),4050) -> 4050 | D16: =IFERROR(__xludf.DUMMYFUNCTION("""COMPUTED_VALUE"""),"Doorlanta") -> Doorlanta | E16: =IFERROR(__xludf.DUMMYFUNCTION("""COMPUTED_VALUE"""),"Galaxy A") -> Galaxy A | F16: =IFERROR(__xludf.DUMMYFUNCTION("""COMPUTED_VALUE"""),"Codee") -> Codee | G16: =IFERROR(__xludf.DUMMYFUNCTION("""COMPUTED_VALUE"""),0) -> 0 | H16: =IFERROR(__xludf.DUMMYFUNCTION("""COMPUTED_VALUE"""),"car") -> car | I16: =IFERROR(__xludf.DUMMYFUNCTION("""COMPUTED_VALUE"""),"2055-06-02T00:15:53.163656Z") -> 2055-06-02T00:15:53.163656Z | J16: =IFERROR(__xludf.DUMMYFUNCTION("""COMPUTED_VALUE"""),"2055-06-02T01:08:11.244Z") -> 2055-06-02T01:08:11.244Z | K16: =IFERROR(__xludf.DUMMYFUNCTION("""COMPUTED_VALUE"""),"2055-06-02T01:07:32.244Z") -> 2055-06-02T01:07:32.244Z | L16: =IFERROR(__xludf.DUMMYFUNCTION("""COMPUTED_VALUE"""),1) -> 1 | M16: =IFERROR(__xludf.DUMMYFUNCTION("""COMPUTED_VALUE"""),0) -> 0 | N16: =IFERROR(__xludf.DUMMYFUNCTION("""COMPUTED_VALUE"""),"2055-06-02T00:38:51.274164Z") -> 2055-06-02T00:38:51.274164Z | O16: =IFERROR(__xludf.DUMMYFUNCTION("""COMPUTED_VALUE"""),"2055-06-02T01:03:19.778995Z") -> 2055-06-02T01:03:19.778995Z | P16: =IFERROR(__xludf.DUMMYFUNCTION("""COMPUTED_VALUE"""),"2055-06-02T00:16:07.373744Z") -> 2055-06-02T00:16:07.373744Z | Q16: =IFERROR(__xludf.DUMMYFUNCTION("""COMPUTED_VALUE"""),0) -> 0 | R16: =IFERROR(__xludf.DUMMYFUNCTION("""COMPUTED_VALUE"""),"2055-06-02T00:16:34.50453Z") -> 2055-06-02T00:16:34.50453Z | S16: =IFERROR(__xludf.DUMMYFUNCTION("""COMPUTED_VALUE"""),"2055-06-02T00:29:31.141773Z") -> 2055-06-02T00:29:31.141773Z | U16: =IFERROR(__xludf.DUMMYFUNCTION("""COMPUTED_VALUE"""),56766) -> 56766 | V16: =IFERROR(__xludf.DUMMYFUNCTION("""COMPUTED_VALUE"""),4.8) -> 4.8 | W16: =IFERROR(__xludf.DUMMYFUNCTION("""COMPUTED_VALUE"""),1000) -> 1000 | X16: =IFERROR(__xludf.DUMMYFUNCTION("""COMPUTED_VALUE"""),2805) -> 2805 | Y16: =IFERROR(__xludf.DUMMYFUNCTION("""COMPUTED_VALUE"""),777) -> 777 | Z16: =IFERROR(__xludf.DUMMYFUNCTION("""COMPUTED_VALUE"""),560) -> 560 | AA16: =IFERROR(__xludf.DUMMYFUNCTION("""COMPUTED_VALUE"""),1468) -> 1468 | AB16: =IFERROR(__xludf.DUMMYFUNCTION("""COMPUTED_VALUE"""),0) -> 0 | AC16: =IFERROR(__xludf.DUMMYFUNCTION("""COMPUTED_VALUE"""),12) -> 12 | AD16: =IFERROR(__xludf.DUMMYFUNCTION("""COMPUTED_VALUE"""),"on time") -> on time | AE16: =IFERROR(__xludf.DUMMYFUNCTION("""COMPUTED_VALUE"""),"2055-06-01T20:38:51.274164Z") -> 2055-06-01T20:38:51.274164Z | AF16: =IFERROR(__xludf.DUMMYFUNCTION("""COMPUTED_VALUE"""),"2055-06-01T21:03:19.778995Z") -> 2055-06-01T21:03:19.778995Z | AG16: =IFERROR(__xludf.DUMMYFUNCTION("""COMPUTED_VALUE"""),"2055-06-01T20:16:07.373744Z") -> 2055-06-01T20:16:07.373744Z | AH16: =IFERROR(__xludf.DUMMYFUNCTION("""COMPUTED_VALUE"""),"2055-06-01T20:29:31.141773Z") -> 2055-06-01T20:29:31.141773Z | AI16: =IFERROR(__xludf.DUMMYFUNCTION("""COMPUTED_VALUE"""),4.367088608) -> 4.3670886 | AJ16: =IFERROR(__xludf.DUMMYFUNCTION("""COMPUTED_VALUE"""),59) -> 59 | AK16: =IFERROR(__xludf.DUMMYFUNCTION("""COMPUTED_VALUE"""),198) -> 198 | AL16: =IFERROR(__xludf.DUMMYFUNCTION("""COMPUTED_VALUE"""),42) -> 42
A17: =IFERROR(__xludf.DUMMYFUNCTION("""COMPUTED_VALUE"""),113) -> 113 | C17: =IFERROR(__xludf.DUMMYFUNCTION("""COMPUTED_VALUE"""),4050) -> 4050 | D17: =IFERROR(__xludf.DUMMYFUNCTION("""COMPUTED_VALUE"""),"Doorlanta") -> Doorlanta | E17: =IFERROR(__xludf.DUMMYFUNCTION("""COMPUTED_VALUE"""),"Galaxy A") -> Galaxy A | F17: =IFERROR(__xludf.DUMMYFUNCTION("""COMPUTED_VALUE"""),"Lauran") -> Lauran | G17: =IFERROR(__xludf.DUMMYFUNCTION("""COMPUTED_VALUE"""),0) -> 0 | H17: =IFERROR(__xludf.DUMMYFUNCTION("""COMPUTED_VALUE"""),"car") -> car | I17: =IFERROR(__xludf.DUMMYFUNCTION("""COMPUTED_VALUE"""),"2055-06-02T14:14:13.014128Z") -> 2055-06-02T14:14:13.014128Z | J17: =IFERROR(__xludf.DUMMYFUNCTION("""COMPUTED_VALUE"""),"2055-06-02T21:15:00Z") -> 2055-06-02T21:15:00Z | K17: =IFERROR(__xludf.DUMMYFUNCTION("""COMPUTED_VALUE"""),"2055-06-02T21:15:00Z") -> 2055-06-02T21:15:00Z | L17: =IFERROR(__xludf.DUMMYFUNCTION("""COMPUTED_VALUE"""),0) -> 0 | M17: =IFERROR(__xludf.DUMMYFUNCTION("""COMPUTED_VALUE"""),0) -> 0 | N17: =IFERROR(__xludf.DUMMYFUNCTION("""COMPUTED_VALUE"""),"2055-06-02T21:02:45.912741Z") -> 2055-06-02T21:02:45.912741Z | O17: =IFERROR(__xludf.DUMMYFUNCTION("""COMPUTED_VALUE"""),"2055-06-02T21:18:03.029991Z") -> 2055-06-02T21:18:03.029991Z | P17: =IFERROR(__xludf.DUMMYFUNCTION("""COMPUTED_VALUE"""),"2055-06-02T20:18:47.339647Z") -> 2055-06-02T20:18:47.339647Z | Q17: =IFERROR(__xludf.DUMMYFUNCTION("""COMPUTED_VALUE"""),0) -> 0 | R17: =IFERROR(__xludf.DUMMYFUNCTION("""COMPUTED_VALUE"""),"2055-06-02T20:18:56.228585Z") -> 2055-06-02T20:18:56.228585Z | S17: =IFERROR(__xludf.DUMMYFUNCTION("""COMPUTED_VALUE"""),"2055-06-02T20:44:38.50371Z") -> 2055-06-02T20:44:38.50371Z | U17: =IFERROR(__xludf.DUMMYFUNCTION("""COMPUTED_VALUE"""),56767) -> 56767 | V17: =IFERROR(__xludf.DUMMYFUNCTION("""COMPUTED_VALUE"""),4.5) -> 4.5 | W17: =IFERROR(__xludf.DUMMYFUNCTION("""COMPUTED_VALUE"""),1000) -> 1000 | X17: =IFERROR(__xludf.DUMMYFUNCTION("""COMPUTED_VALUE"""),3547) -> 3547 | Y17: =IFERROR(__xludf.DUMMYFUNCTION("""COMPUTED_VALUE"""),1542) -> 1542 | Z17: =IFERROR(__xludf.DUMMYFUNCTION("""COMPUTED_VALUE"""),1087) -> 1087 | AA17: =IFERROR(__xludf.DUMMYFUNCTION("""COMPUTED_VALUE"""),918) -> 918 | AB17: =IFERROR(__xludf.DUMMYFUNCTION("""COMPUTED_VALUE"""),0) -> 0 | AC17: =IFERROR(__xludf.DUMMYFUNCTION("""COMPUTED_VALUE"""),6) -> 6 | AD17: =IFERROR(__xludf.DUMMYFUNCTION("""COMPUTED_VALUE"""),"late") -> late | AE17: =IFERROR(__xludf.DUMMYFUNCTION("""COMPUTED_VALUE"""),"2055-06-02T17:02:45.912741Z") -> 2055-06-02T17:02:45.912741Z | AF17: =IFERROR(__xludf.DUMMYFUNCTION("""COMPUTED_VALUE"""),"2055-06-02T17:18:03.029991Z") -> 2055-06-02T17:18:03.029991Z | AG17: =IFERROR(__xludf.DUMMYFUNCTION("""COMPUTED_VALUE"""),"2055-06-02T16:18:47.339647Z") -> 2055-06-02T16:18:47.339647Z | AH17: =IFERROR(__xludf.DUMMYFUNCTION("""COMPUTED_VALUE"""),"2055-06-02T16:44:38.50371Z") -> 2055-06-02T16:44:38.50371Z | AI17: =IFERROR(__xludf.DUMMYFUNCTION("""COMPUTED_VALUE"""),4.42) -> 4.42 | AJ17: =IFERROR(__xludf.DUMMYFUNCTION("""COMPUTED_VALUE"""),1396) -> 1396 | AK17: =IFERROR(__xludf.DUMMYFUNCTION("""COMPUTED_VALUE"""),4836) -> 4836 | AL17: =IFERROR(__xludf.DUMMYFUNCTION("""COMPUTED_VALUE"""),1278) -> 1278
A18: =IFERROR(__xludf.DUMMYFUNCTION("""COMPUTED_VALUE"""),207) -> 207 | B18: =IFERROR(__xludf.DUMMYFUNCTION("""COMPUTED_VALUE"""),1) -> 1 | C18: =IFERROR(__xludf.DUMMYFUNCTION("""COMPUTED_VALUE"""),4001) -> 4001 | D18: =IFERROR(__xludf.DUMMYFUNCTION("""COMPUTED_VALUE"""),"Dashattan") -> Dashattan | E18: =IFERROR(__xludf.DUMMYFUNCTION("""COMPUTED_VALUE"""),"Galaxy A") -> Galaxy A | F18: =IFERROR(__xludf.DUMMYFUNCTION("""COMPUTED_VALUE"""),"Ron") -> Ron | G18: =IFERROR(__xludf.DUMMYFUNCTION("""COMPUTED_VALUE"""),0) -> 0 | H18: =IFERROR(__xludf.DUMMYFUNCTION("""COMPUTED_VALUE"""),"bicycle") -> bicycle | I18: =IFERROR(__xludf.DUMMYFUNCTION("""COMPUTED_VALUE"""),"2055-06-02T23:27:56.045622Z") -> 2055-06-02T23:27:56.045622Z | J18: =IFERROR(__xludf.DUMMYFUNCTION("""COMPUTED_VALUE"""),"2055-06-03T00:30:14.101Z") -> 2055-06-03T00:30:14.101Z | K18: =IFERROR(__xludf.DUMMYFUNCTION("""COMPUTED_VALUE"""),"2055-06-03T00:10:35.101Z") -> 2055-06-03T00:10:35.101Z | L18: =IFERROR(__xludf.DUMMYFUNCTION("""COMPUTED_VALUE"""),1) -> 1 | M18: =IFERROR(__xludf.DUMMYFUNCTION("""COMPUTED_VALUE"""),0) -> 0 | N18: =IFERROR(__xludf.DUMMYFUNCTION("""COMPUTED_VALUE"""),"2055-06-03T00:05:32.024913Z") -> 2055-06-03T00:05:32.024913Z | O18: =IFERROR(__xludf.DUMMYFUNCTION("""COMPUTED_VALUE"""),"2055-06-03T00:25:35.591672Z") -> 2055-06-03T00:25:35.591672Z | P18: =IFERROR(__xludf.DUMMYFUNCTION("""COMPUTED_VALUE"""),"2055-06-02T23:32:55.244404Z") -> 2055-06-02T23:32:55.244404Z | Q18: =IFERROR(__xludf.DUMMYFUNCTION("""COMPUTED_VALUE"""),0) -> 0 | R18: =IFERROR(__xludf.DUMMYFUNCTION("""COMPUTED_VALUE"""),"2055-06-02T23:33:18.91934Z") -> 2055-06-02T23:33:18.91934Z | S18: =IFERROR(__xludf.DUMMYFUNCTION("""COMPUTED_VALUE"""),"2055-06-02T23:50:54.342973Z") -> 2055-06-02T23:50:54.342973Z | U18: =IFERROR(__xludf.DUMMYFUNCTION("""COMPUTED_VALUE"""),56767) -> 56767 | V18: =IFERROR(__xludf.DUMMYFUNCTION("""COMPUTED_VALUE"""),4.4) -> 4.4 | W18: =IFERROR(__xludf.DUMMYFUNCTION("""COMPUTED_VALUE"""),1000) -> 1000 | X18: =IFERROR(__xludf.DUMMYFUNCTION("""COMPUTED_VALUE"""),3137) -> 3137 | Y18: =IFERROR(__xludf.DUMMYFUNCTION("""COMPUTED_VALUE"""),1056) -> 1056 | Z18: =IFERROR(__xludf.DUMMYFUNCTION("""COMPUTED_VALUE"""),878) -> 878 | AA18: =IFERROR(__xludf.DUMMYFUNCTION("""COMPUTED_VALUE"""),1203) -> 1203 | AB18: =IFERROR(__xludf.DUMMYFUNCTION("""COMPUTED_VALUE"""),0) -> 0 | AC18: =IFERROR(__xludf.DUMMYFUNCTION("""COMPUTED_VALUE"""),10) -> 10 | AD18: =IFERROR(__xludf.DUMMYFUNCTION("""COMPUTED_VALUE"""),"on time") -> on time | AE18: =IFERROR(__xludf.DUMMYFUNCTION("""COMPUTED_VALUE"""),"2055-06-02T20:05:32.024913Z") -> 2055-06-02T20:05:32.024913Z | AF18: =IFERROR(__xludf.DUMMYFUNCTION("""COMPUTED_VALUE"""),"2055-06-02T20:25:35.591672Z") -> 2055-06-02T20:25:35.591672Z | AG18: =IFERROR(__xludf.DUMMYFUNCTION("""COMPUTED_VALUE"""),"2055-06-02T19:32:55.244404Z") -> 2055-06-02T19:32:55.244404Z | AH18: =IFERROR(__xludf.DUMMYFUNCTION("""COMPUTED_VALUE"""),"2055-06-02T19:50:54.342973Z") -> 2055-06-02T19:50:54.342973Z | AI18: =IFERROR(__xludf.DUMMYFUNCTION("""COMPUTED_VALUE"""),4.56) -> 4.56 | AJ18: =IFERROR(__xludf.DUMMYFUNCTION("""COMPUTED_VALUE"""),765) -> 765 | AK18: =IFERROR(__xludf.DUMMYFUNCTION("""COMPUTED_VALUE"""),2618) -> 2618
A19: =IFERROR(__xludf.DUMMYFUNCTION("""COMPUTED_VALUE"""),973) -> 973 | C19: =IFERROR(__xludf.DUMMYFUNCTION("""COMPUTED_VALUE"""),4001) -> 4001 | D19: =IFERROR(__xludf.DUMMYFUNCTION("""COMPUTED_VALUE"""),"Dashattan") -> Dashattan | E19: =IFERROR(__xludf.DUMMYFUNCTION("""COMPUTED_VALUE"""),"Galaxy A") -> Galaxy A | F19: =IFERROR(__xludf.DUMMYFUNCTION("""COMPUTED_VALUE"""),"Bret") -> Bret | G19: =IFERROR(__xludf.DUMMYFUNCTION("""COMPUTED_VALUE"""),0) -> 0 | H19: =IFERROR(__xludf.DUMMYFUNCTION("""COMPUTED_VALUE"""),"car") -> car | I19: =IFERROR(__xludf.DUMMYFUNCTION("""COMPUTED_VALUE"""),"2055-06-08T22:02:05.357188Z") -> 2055-06-08T22:02:05.357188Z | J19: =IFERROR(__xludf.DUMMYFUNCTION("""COMPUTED_VALUE"""),"2055-06-09T16:00:00Z") -> 2055-06-09T16:00:00Z | K19: =IFERROR(__xludf.DUMMYFUNCTION("""COMPUTED_VALUE"""),"2055-06-09T16:00:00Z") -> 2055-06-09T16:00:00Z | L19: =IFERROR(__xludf.DUMMYFUNCTION("""COMPUTED_VALUE"""),0) -> 0 | M19: =IFERROR(__xludf.DUMMYFUNCTION("""COMPUTED_VALUE"""),0) -> 0 | N19: =IFERROR(__xludf.DUMMYFUNCTION("""COMPUTED_VALUE"""),"2055-06-09T15:44:54.492375Z") -> 2055-06-09T15:44:54.492375Z | O19: =IFERROR(__xludf.DUMMYFUNCTION("""COMPUTED_VALUE"""),"2055-06-09T16:01:06.092165Z") -> 2055-06-09T16:01:06.092165Z | P19: =IFERROR(__xludf.DUMMYFUNCTION("""COMPUTED_VALUE"""),"2055-06-09T15:13:54.322888Z") -> 2055-06-09T15:13:54.322888Z | Q19: =IFERROR(__xludf.DUMMYFUNCTION("""COMPUTED_VALUE"""),0) -> 0 | R19: =IFERROR(__xludf.DUMMYFUNCTION("""COMPUTED_VALUE"""),"2055-06-09T15:14:40.504938Z") -> 2055-06-09T15:14:40.504938Z | S19: =IFERROR(__xludf.DUMMYFUNCTION("""COMPUTED_VALUE"""),"2055-06-09T15:41:42.317635Z") -> 2055-06-09T15:41:42.317635Z | U19: =IFERROR(__xludf.DUMMYFUNCTION("""COMPUTED_VALUE"""),56774) -> 56774 | V19: =IFERROR(__xludf.DUMMYFUNCTION("""COMPUTED_VALUE"""),4.3) -> 4.3 | W19: =IFERROR(__xludf.DUMMYFUNCTION("""COMPUTED_VALUE"""),1000) -> 1000 | X19: =IFERROR(__xludf.DUMMYFUNCTION("""COMPUTED_VALUE"""),2786) -> 2786 | Y19: =IFERROR(__xludf.DUMMYFUNCTION("""COMPUTED_VALUE"""),1622) -> 1622 | Z19: =IFERROR(__xludf.DUMMYFUNCTION("""COMPUTED_VALUE"""),192) -> 192 | AA19: =IFERROR(__xludf.DUMMYFUNCTION("""COMPUTED_VALUE"""),972) -> 972 | AB19: =IFERROR(__xludf.DUMMYFUNCTION("""COMPUTED_VALUE"""),1) -> 1 | AC19: =IFERROR(__xludf.DUMMYFUNCTION("""COMPUTED_VALUE"""),8) -> 8 | AE19: =IFERROR(__xludf.DUMMYFUNCTION("""COMPUTED_VALUE"""),"2055-06-09T11:44:54.492375Z") -> 2055-06-09T11:44:54.492375Z | AF19: =IFERROR(__xludf.DUMMYFUNCTION("""COMPUTED_VALUE"""),"2055-06-09T12:01:06.092165Z") -> 2055-06-09T12:01:06.092165Z | AG19: =IFERROR(__xludf.DUMMYFUNCTION("""COMPUTED_VALUE"""),"2055-06-09T11:13:54.322888Z") -> 2055-06-09T11:13:54.322888Z | AH19: =IFERROR(__xludf.DUMMYFUNCTION("""COMPUTED_VALUE"""),"2055-06-09T11:41:42.317635Z") -> 2055-06-09T11:41:42.317635Z | AI19: =IFERROR(__xludf.DUMMYFUNCTION("""COMPUTED_VALUE"""),3.82) -> 3.82 | AJ19: =IFERROR(__xludf.DUMMYFUNCTION("""COMPUTED_VALUE"""),174) -> 174 | AK19: =IFERROR(__xludf.DUMMYFUNCTION("""COMPUTED_VALUE"""),773) -> 773
A20: =IFERROR(__xludf.DUMMYFUNCTION("""COMPUTED_VALUE"""),485) -> 485 | C20: =IFERROR(__xludf.DUMMYFUNCTION("""COMPUTED_VALUE"""),4050) -> 4050 | D20: =IFERROR(__xludf.DUMMYFUNCTION("""COMPUTED_VALUE"""),"Doorlanta") -> Doorlanta | E20: =IFERROR(__xludf.DUMMYFUNCTION("""COMPUTED_VALUE"""),"Galaxy A") -> Galaxy A | F20: =IFERROR(__xludf.DUMMYFUNCTION("""COMPUTED_VALUE"""),"Katelynn") -> Katelynn | G20: =IFERROR(__xludf.DUMMYFUNCTION("""COMPUTED_VALUE"""),0) -> 0 | H20: =IFERROR(__xludf.DUMMYFUNCTION("""COMPUTED_VALUE"""),"car") -> car | I20: =IFERROR(__xludf.DUMMYFUNCTION("""COMPUTED_VALUE"""),"2055-06-04T23:16:19.806926Z") -> 2055-06-04T23:16:19.806926Z | J20: =IFERROR(__xludf.DUMMYFUNCTION("""COMPUTED_VALUE"""),"2055-06-05T00:13:30.868Z") -> 2055-06-05T00:13:30.868Z | K20: =IFERROR(__xludf.DUMMYFUNCTION("""COMPUTED_VALUE"""),"2055-06-04T23:58:51.868Z") -> 2055-06-04T23:58:51.868Z | L20: =IFERROR(__xludf.DUMMYFUNCTION("""COMPUTED_VALUE"""),1) -> 1 | M20: =IFERROR(__xludf.DUMMYFUNCTION("""COMPUTED_VALUE"""),0) -> 0 | N20: =IFERROR(__xludf.DUMMYFUNCTION("""COMPUTED_VALUE"""),"2055-06-04T23:55:02.638822Z") -> 2055-06-04T23:55:02.638822Z | O20: =IFERROR(__xludf.DUMMYFUNCTION("""COMPUTED_VALUE"""),"2055-06-05T00:05:54.873885Z") -> 2055-06-05T00:05:54.873885Z | P20: =IFERROR(__xludf.DUMMYFUNCTION("""COMPUTED_VALUE"""),"2055-06-04T23:16:27.662725Z") -> 2055-06-04T23:16:27.662725Z | Q20: =IFERROR(__xludf.DUMMYFUNCTION("""COMPUTED_VALUE"""),0) -> 0 | R20: =IFERROR(__xludf.DUMMYFUNCTION("""COMPUTED_VALUE"""),"2055-06-04T23:17:04.516324Z") -> 2055-06-04T23:17:04.516324Z | S20: =IFERROR(__xludf.DUMMYFUNCTION("""COMPUTED_VALUE"""),"2055-06-04T23:24:47.340345Z") -> 2055-06-04T23:24:47.340345Z | U20: =IFERROR(__xludf.DUMMYFUNCTION("""COMPUTED_VALUE"""),56769) -> 56769 | V20: =IFERROR(__xludf.DUMMYFUNCTION("""COMPUTED_VALUE"""),4.6) -> 4.6 | W20: =IFERROR(__xludf.DUMMYFUNCTION("""COMPUTED_VALUE"""),1000) -> 1000 | X20: =IFERROR(__xludf.DUMMYFUNCTION("""COMPUTED_VALUE"""),2930) -> 2930 | Y20: =IFERROR(__xludf.DUMMYFUNCTION("""COMPUTED_VALUE"""),463) -> 463 | Z20: =IFERROR(__xludf.DUMMYFUNCTION("""COMPUTED_VALUE"""),1815) -> 1815 | AA20: =IFERROR(__xludf.DUMMYFUNCTION("""COMPUTED_VALUE"""),652) -> 652 | AB20: =IFERROR(__xludf.DUMMYFUNCTION("""COMPUTED_VALUE"""),0) -> 0 | AC20: =IFERROR(__xludf.DUMMYFUNCTION("""COMPUTED_VALUE"""),6) -> 6 | AD20: =IFERROR(__xludf.DUMMYFUNCTION("""COMPUTED_VALUE"""),"early") -> early | AE20: =IFERROR(__xludf.DUMMYFUNCTION("""COMPUTED_VALUE"""),"2055-06-04T19:55:02.638822Z") -> 2055-06-04T19:55:02.638822Z | AF20: =IFERROR(__xludf.DUMMYFUNCTION("""COMPUTED_VALUE"""),"2055-06-04T20:05:54.873885Z") -> 2055-06-04T20:05:54.873885Z | AG20: =IFERROR(__xludf.DUMMYFUNCTION("""COMPUTED_VALUE"""),"2055-06-04T19:16:27.662725Z") -> 2055-06-04T19:16:27.662725Z | AH20: =IFERROR(__xludf.DUMMYFUNCTION("""COMPUTED_VALUE"""),"2055-06-04T19:24:47.340345Z") -> 2055-06-04T19:24:47.340345Z | AI20: =IFERROR(__xludf.DUMMYFUNCTION("""COMPUTED_VALUE"""),4.7) -> 4.7 | AJ20: =IFERROR(__xludf.DUMMYFUNCTION("""COMPUTED_VALUE"""),1261) -> 1261 | AK20: =IFERROR(__xludf.DUMMYFUNCTION("""COMPUTED_VALUE"""),3264) -> 3264 | AL20: =IFERROR(__xludf.DUMMYFUNCTION("""COMPUTED_VALUE"""),232) -> 232
A21: =IFERROR(__xludf.DUMMYFUNCTION("""COMPUTED_VALUE"""),827) -> 827 | C21: =IFERROR(__xludf.DUMMYFUNCTION("""COMPUTED_VALUE"""),4001) -> 4001 | D21: =IFERROR(__xludf.DUMMYFUNCTION("""COMPUTED_VALUE"""),"Dashattan") -> Dashattan | E21: =IFERROR(__xludf.DUMMYFUNCTION("""COMPUTED_VALUE"""),"Galaxy A") -> Galaxy A | F21: =IFERROR(__xludf.DUMMYFUNCTION("""COMPUTED_VALUE"""),"Bret") -> Bret | G21: =IFERROR(__xludf.DUMMYFUNCTION("""COMPUTED_VALUE"""),0) -> 0 | H21: =IFERROR(__xludf.DUMMYFUNCTION("""COMPUTED_VALUE"""),"car") -> car | I21: =IFERROR(__xludf.DUMMYFUNCTION("""COMPUTED_VALUE"""),"2055-06-07T13:50:11.106486Z") -> 2055-06-07T13:50:11.106486Z | J21: =IFERROR(__xludf.DUMMYFUNCTION("""COMPUTED_VALUE"""),"2055-06-07T14:30:17.169Z") -> 2055-06-07T14:30:17.169Z | K21: =IFERROR(__xludf.DUMMYFUNCTION("""COMPUTED_VALUE"""),"2055-06-07T14:21:24.169Z") -> 2055-06-07T14:21:24.169Z | L21: =IFERROR(__xludf.DUMMYFUNCTION("""COMPUTED_VALUE"""),1) -> 1 | M21: =IFERROR(__xludf.DUMMYFUNCTION("""COMPUTED_VALUE"""),0) -> 0 | N21: =IFERROR(__xludf.DUMMYFUNCTION("""COMPUTED_VALUE"""),"2055-06-07T14:33:35.994888Z") -> 2055-06-07T14:33:35.994888Z | O21: =IFERROR(__xludf.DUMMYFUNCTION("""COMPUTED_VALUE"""),"2055-06-07T14:57:30.713153Z") -> 2055-06-07T14:57:30.713153Z | P21: =IFERROR(__xludf.DUMMYFUNCTION("""COMPUTED_VALUE"""),"2055-06-07T13:50:14.118263Z") -> 2055-06-07T13:50:14.118263Z | Q21: =IFERROR(__xludf.DUMMYFUNCTION("""COMPUTED_VALUE"""),0) -> 0 | R21: =IFERROR(__xludf.DUMMYFUNCTION("""COMPUTED_VALUE"""),"2055-06-07T13:50:18.103263Z") -> 2055-06-07T13:50:18.103263Z | S21: =IFERROR(__xludf.DUMMYFUNCTION("""COMPUTED_VALUE"""),"2055-06-07T13:50:33.323279Z") -> 2055-06-07T13:50:33.323279Z | U21: =IFERROR(__xludf.DUMMYFUNCTION("""COMPUTED_VALUE"""),56772) -> 56772 | V21: =IFERROR(__xludf.DUMMYFUNCTION("""COMPUTED_VALUE"""),4.5) -> 4.5 | W21: =IFERROR(__xludf.DUMMYFUNCTION("""COMPUTED_VALUE"""),1000) -> 1000 | X21: =IFERROR(__xludf.DUMMYFUNCTION("""COMPUTED_VALUE"""),4032) -> 4032 | Y21: =IFERROR(__xludf.DUMMYFUNCTION("""COMPUTED_VALUE"""),15) -> 15 | Z21: =IFERROR(__xludf.DUMMYFUNCTION("""COMPUTED_VALUE"""),2582) -> 2582 | AA21: =IFERROR(__xludf.DUMMYFUNCTION("""COMPUTED_VALUE"""),1435) -> 1435 | AB21: =IFERROR(__xludf.DUMMYFUNCTION("""COMPUTED_VALUE"""),1) -> 1 | AC21: =IFERROR(__xludf.DUMMYFUNCTION("""COMPUTED_VALUE"""),19) -> 19 | AE21: =IFERROR(__xludf.DUMMYFUNCTION("""COMPUTED_VALUE"""),"2055-06-07T10:33:35.994888Z") -> 2055-06-07T10:33:35.994888Z | AF21: =IFERROR(__xludf.DUMMYFUNCTION("""COMPUTED_VALUE"""),"2055-06-07T10:57:30.713153Z") -> 2055-06-07T10:57:30.713153Z | AG21: =IFERROR(__xludf.DUMMYFUNCTION("""COMPUTED_VALUE"""),"2055-06-07T09:50:14.118263Z") -> 2055-06-07T09:50:14.118263Z | AH21: =IFERROR(__xludf.DUMMYFUNCTION("""COMPUTED_VALUE"""),"2055-06-07T09:50:33.323279Z") -> 2055-06-07T09:50:33.323279Z | AI21: =IFERROR(__xludf.DUMMYFUNCTION("""COMPUTED_VALUE"""),3.82) -> 3.82 | AJ21: =IFERROR(__xludf.DUMMYFUNCTION("""COMPUTED_VALUE"""),174) -> 174 | AK21: =IFERROR(__xludf.DUMMYFUNCTION("""COMPUTED_VALUE"""),773) -> 773
A22: =IFERROR(__xludf.DUMMYFUNCTION("""COMPUTED_VALUE"""),949) -> 949 | B22: =IFERROR(__xludf.DUMMYFUNCTION("""COMPUTED_VALUE"""),1) -> 1 | C22: =IFERROR(__xludf.DUMMYFUNCTION("""COMPUTED_VALUE"""),4050) -> 4050 | D22: =IFERROR(__xludf.DUMMYFUNCTION("""COMPUTED_VALUE"""),"Doorlanta") -> Doorlanta | E22: =IFERROR(__xludf.DUMMYFUNCTION("""COMPUTED_VALUE"""),"Galaxy A") -> Galaxy A | F22: =IFERROR(__xludf.DUMMYFUNCTION("""COMPUTED_VALUE"""),"Cate") -> Cate | G22: =IFERROR(__xludf.DUMMYFUNCTION("""COMPUTED_VALUE"""),0) -> 0 | H22: =IFERROR(__xludf.DUMMYFUNCTION("""COMPUTED_VALUE"""),"car") -> car | I22: =IFERROR(__xludf.DUMMYFUNCTION("""COMPUTED_VALUE"""),"2055-06-08T17:03:58.423933Z") -> 2055-06-08T17:03:58.423933Z | J22: =IFERROR(__xludf.DUMMYFUNCTION("""COMPUTED_VALUE"""),"2055-06-08T17:58:58.49Z") -> 2055-06-08T17:58:58.49Z | K22: =IFERROR(__xludf.DUMMYFUNCTION("""COMPUTED_VALUE"""),"2055-06-08T17:31:17.49Z") -> 2055-06-08T17:31:17.49Z | L22: =IFERROR(__xludf.DUMMYFUNCTION("""COMPUTED_VALUE"""),1) -> 1 | M22: =IFERROR(__xludf.DUMMYFUNCTION("""COMPUTED_VALUE"""),0) -> 0 | N22: =IFERROR(__xludf.DUMMYFUNCTION("""COMPUTED_VALUE"""),"2055-06-08T17:30:42.284657Z") -> 2055-06-08T17:30:42.284657Z | O22: =IFERROR(__xludf.DUMMYFUNCTION("""COMPUTED_VALUE"""),"2055-06-08T17:40:38.362483Z") -> 2055-06-08T17:40:38.362483Z | P22: =IFERROR(__xludf.DUMMYFUNCTION("""COMPUTED_VALUE"""),"2055-06-08T17:04:07.323219Z") -> 2055-06-08T17:04:07.323219Z | Q22: =IFERROR(__xludf.DUMMYFUNCTION("""COMPUTED_VALUE"""),0) -> 0 | R22: =IFERROR(__xludf.DUMMYFUNCTION("""COMPUTED_VALUE"""),"2055-06-08T17:04:15.588968Z") -> 2055-06-08T17:04:15.588968Z | S22: =IFERROR(__xludf.DUMMYFUNCTION("""COMPUTED_VALUE"""),"2055-06-08T17:19:16.893874Z") -> 2055-06-08T17:19:16.893874Z | U22: =IFERROR(__xludf.DUMMYFUNCTION("""COMPUTED_VALUE"""),56773) -> 56773 | V22: =IFERROR(__xludf.DUMMYFUNCTION("""COMPUTED_VALUE"""),4.6) -> 4.6 | W22: =IFERROR(__xludf.DUMMYFUNCTION("""COMPUTED_VALUE"""),1000) -> 1000 | X22: =IFERROR(__xludf.DUMMYFUNCTION("""COMPUTED_VALUE"""),2183) -> 2183 | Y22: =IFERROR(__xludf.DUMMYFUNCTION("""COMPUTED_VALUE"""),901) -> 901 | Z22: =IFERROR(__xludf.DUMMYFUNCTION("""COMPUTED_VALUE"""),686) -> 686 | AA22: =IFERROR(__xludf.DUMMYFUNCTION("""COMPUTED_VALUE"""),596) -> 596 | AB22: =IFERROR(__xludf.DUMMYFUNCTION("""COMPUTED_VALUE"""),0) -> 0 | AC22: =IFERROR(__xludf.DUMMYFUNCTION("""COMPUTED_VALUE"""),13) -> 13 | AD22: =IFERROR(__xludf.DUMMYFUNCTION("""COMPUTED_VALUE"""),"on time") -> on time | AE22: =IFERROR(__xludf.DUMMYFUNCTION("""COMPUTED_VALUE"""),"2055-06-08T13:30:42.284657Z") -> 2055-06-08T13:30:42.284657Z | AF22: =IFERROR(__xludf.DUMMYFUNCTION("""COMPUTED_VALUE"""),"2055-06-08T13:40:38.362483Z") -> 2055-06-08T13:40:38.362483Z | AG22: =IFERROR(__xludf.DUMMYFUNCTION("""COMPUTED_VALUE"""),"2055-06-08T13:04:07.323219Z") -> 2055-06-08T13:04:07.323219Z | AH22: =IFERROR(__xludf.DUMMYFUNCTION("""COMPUTED_VALUE"""),"2055-06-08T13:19:16.893874Z") -> 2055-06-08T13:19:16.893874Z | AI22: =IFERROR(__xludf.DUMMYFUNCTION("""COMPUTED_VALUE"""),4.49) -> 4.49 | AJ22: =IFERROR(__xludf.DUMMYFUNCTION("""COMPUTED_VALUE"""),2315) -> 2315 | AK22: =IFERROR(__xludf.DUMMYFUNCTION("""COMPUTED_VALUE"""),7039) -> 7039 | AL22: =IFERROR(__xludf.DUMMYFUNCTION("""COMPUTED_VALUE"""),763) -> 763
A23: =IFERROR(__xludf.DUMMYFUNCTION("""COMPUTED_VALUE"""),4) -> 4 | B23: =IFERROR(__xludf.DUMMYFUNCTION("""COMPUTED_VALUE"""),5) -> 5 | C23: =IFERROR(__xludf.DUMMYFUNCTION("""COMPUTED_VALUE"""),4050) -> 4050 | D23: =IFERROR(__xludf.DUMMYFUNCTION("""COMPUTED_VALUE"""),"Doorlanta") -> Doorlanta | E23: =IFERROR(__xludf.DUMMYFUNCTION("""COMPUTED_VALUE"""),"Galaxy A") -> Galaxy A | F23: =IFERROR(__xludf.DUMMYFUNCTION("""COMPUTED_VALUE"""),"Matt") -> Matt | G23: =IFERROR(__xludf.DUMMYFUNCTION("""COMPUTED_VALUE"""),0) -> 0 | H23: =IFERROR(__xludf.DUMMYFUNCTION("""COMPUTED_VALUE"""),"car") -> car | I23: =IFERROR(__xludf.DUMMYFUNCTION("""COMPUTED_VALUE"""),"2055-06-01T14:23:25.582144Z") -> 2055-06-01T14:23:25.582144Z | J23: =IFERROR(__xludf.DUMMYFUNCTION("""COMPUTED_VALUE"""),"2055-06-01T15:18:25.659Z") -> 2055-06-01T15:18:25.659Z | K23: =IFERROR(__xludf.DUMMYFUNCTION("""COMPUTED_VALUE"""),"2055-06-01T14:56:28.659Z") -> 2055-06-01T14:56:28.659Z | L23: =IFERROR(__xludf.DUMMYFUNCTION("""COMPUTED_VALUE"""),1) -> 1 | M23: =IFERROR(__xludf.DUMMYFUNCTION("""COMPUTED_VALUE"""),0) -> 0 | N23: =IFERROR(__xludf.DUMMYFUNCTION("""COMPUTED_VALUE"""),"2055-06-01T15:42:29.641268Z") -> 2055-06-01T15:42:29.641268Z | O23: =IFERROR(__xludf.DUMMYFUNCTION("""COMPUTED_VALUE"""),"2055-06-01T15:57:28.896504Z") -> 2055-06-01T15:57:28.896504Z | P23: =IFERROR(__xludf.DUMMYFUNCTION("""COMPUTED_VALUE"""),"2055-06-01T14:25:07.246323Z") -> 2055-06-01T14:25:07.246323Z | Q23: =IFERROR(__xludf.DUMMYFUNCTION("""COMPUTED_VALUE"""),0) -> 0 | R23: =IFERROR(__xludf.DUMMYFUNCTION("""COMPUTED_VALUE"""),"2055-06-01T14:25:22.663283Z") -> 2055-06-01T14:25:22.663283Z | S23: =IFERROR(__xludf.DUMMYFUNCTION("""COMPUTED_VALUE"""),"2055-06-01T15:31:06.908633Z") -> 2055-06-01T15:31:06.908633Z | U23: =IFERROR(__xludf.DUMMYFUNCTION("""COMPUTED_VALUE"""),56766) -> 56766 | V23: =IFERROR(__xludf.DUMMYFUNCTION("""COMPUTED_VALUE"""),4.3) -> 4.3 | W23: =IFERROR(__xludf.DUMMYFUNCTION("""COMPUTED_VALUE"""),1000) -> 1000 | X23: =IFERROR(__xludf.DUMMYFUNCTION("""COMPUTED_VALUE"""),5526) -> 5526 | Y23: =IFERROR(__xludf.DUMMYFUNCTION("""COMPUTED_VALUE"""),3944) -> 3944 | Z23: =IFERROR(__xludf.DUMMYFUNCTION("""COMPUTED_VALUE"""),683) -> 683 | AA23: =IFERROR(__xludf.DUMMYFUNCTION("""COMPUTED_VALUE"""),899) -> 899 | AB23: =IFERROR(__xludf.DUMMYFUNCTION("""COMPUTED_VALUE"""),0) -> 0 | AC23: =IFERROR(__xludf.DUMMYFUNCTION("""COMPUTED_VALUE"""),11) -> 11 | AD23: =IFERROR(__xludf.DUMMYFUNCTION("""COMPUTED_VALUE"""),"late") -> late | AE23: =IFERROR(__xludf.DUMMYFUNCTION("""COMPUTED_VALUE"""),"2055-06-01T11:42:29.641268Z") -> 2055-06-01T11:42:29.641268Z | AF23: =IFERROR(__xludf.DUMMYFUNCTION("""COMPUTED_VALUE"""),"2055-06-01T11:57:28.896504Z") -> 2055-06-01T11:57:28.896504Z | AG23: =IFERROR(__xludf.DUMMYFUNCTION("""COMPUTED_VALUE"""),"2055-06-01T10:25:07.246323Z") -> 2055-06-01T10:25:07.246323Z | AH23: =IFERROR(__xludf.DUMMYFUNCTION("""COMPUTED_VALUE"""),"2055-06-01T11:31:06.908633Z") -> 2055-06-01T11:31:06.908633Z | AI23: =IFERROR(__xludf.DUMMYFUNCTION("""COMPUTED_VALUE"""),4.22) -> 4.22 | AJ23: =IFERROR(__xludf.DUMMYFUNCTION("""COMPUTED_VALUE"""),1551) -> 1551 | AK23: =IFERROR(__xludf.DUMMYFUNCTION("""COMPUTED_VALUE"""),4625) -> 4625
A24: =IFERROR(__xludf.DUMMYFUNCTION("""COMPUTED_VALUE"""),1551) -> 1551 | B24: =IFERROR(__xludf.DUMMYFUNCTION("""COMPUTED_VALUE"""),4) -> 4 | C24: =IFERROR(__xludf.DUMMYFUNCTION("""COMPUTED_VALUE"""),4001) -> 4001 | D24: =IFERROR(__xludf.DUMMYFUNCTION("""COMPUTED_VALUE"""),"Dashattan") -> Dashattan | E24: =IFERROR(__xludf.DUMMYFUNCTION("""COMPUTED_VALUE"""),"Galaxy A") -> Galaxy A | F24: =IFERROR(__xludf.DUMMYFUNCTION("""COMPUTED_VALUE"""),"Sean") -> Sean | G24: =IFERROR(__xludf.DUMMYFUNCTION("""COMPUTED_VALUE"""),0) -> 0 | H24: =IFERROR(__xludf.DUMMYFUNCTION("""COMPUTED_VALUE"""),"bicycle") -> bicycle | I24: =IFERROR(__xludf.DUMMYFUNCTION("""COMPUTED_VALUE"""),"2055-06-13T14:37:39.095965Z") -> 2055-06-13T14:37:39.095965Z | J24: =IFERROR(__xludf.DUMMYFUNCTION("""COMPUTED_VALUE"""),"2055-06-13T16:15:00Z") -> 2055-06-13T16:15:00Z | K24: =IFERROR(__xludf.DUMMYFUNCTION("""COMPUTED_VALUE"""),"2055-06-13T16:15:00Z") -> 2055-06-13T16:15:00Z | L24: =IFERROR(__xludf.DUMMYFUNCTION("""COMPUTED_VALUE"""),0) -> 0 | M24: =IFERROR(__xludf.DUMMYFUNCTION("""COMPUTED_VALUE"""),0) -> 0 | N24: =IFERROR(__xludf.DUMMYFUNCTION("""COMPUTED_VALUE"""),"2055-06-13T15:31:18.826114Z") -> 2055-06-13T15:31:18.826114Z | O24: =IFERROR(__xludf.DUMMYFUNCTION("""COMPUTED_VALUE"""),"2055-06-13T15:36:20.851883Z") -> 2055-06-13T15:36:20.851883Z | P24: =IFERROR(__xludf.DUMMYFUNCTION("""COMPUTED_VALUE"""),"2055-06-13T15:15:34.266911Z") -> 2055-06-13T15:15:34.266911Z | Q24: =IFERROR(__xludf.DUMMYFUNCTION("""COMPUTED_VALUE"""),0) -> 0 | R24: =IFERROR(__xludf.DUMMYFUNCTION("""COMPUTED_VALUE"""),"2055-06-13T15:16:02.345147Z") -> 2055-06-13T15:16:02.345147Z | S24: =IFERROR(__xludf.DUMMYFUNCTION("""COMPUTED_VALUE"""),"2055-06-13T15:20:48.907935Z") -> 2055-06-13T15:20:48.907935Z | U24: =IFERROR(__xludf.DUMMYFUNCTION("""COMPUTED_VALUE"""),56778) -> 56778 | V24: =IFERROR(__xludf.DUMMYFUNCTION("""COMPUTED_VALUE"""),4.4) -> 4.4 | W24: =IFERROR(__xludf.DUMMYFUNCTION("""COMPUTED_VALUE"""),1000) -> 1000 | X24: =IFERROR(__xludf.DUMMYFUNCTION("""COMPUTED_VALUE"""),1218) -> 1218 | Y24: =IFERROR(__xludf.DUMMYFUNCTION("""COMPUTED_VALUE"""),286) -> 286 | Z24: =IFERROR(__xludf.DUMMYFUNCTION("""COMPUTED_VALUE"""),630) -> 630 | AA24: =IFERROR(__xludf.DUMMYFUNCTION("""COMPUTED_VALUE"""),302) -> 302 | AB24: =IFERROR(__xludf.DUMMYFUNCTION("""COMPUTED_VALUE"""),0) -> 0 | AC24: =IFERROR(__xludf.DUMMYFUNCTION("""COMPUTED_VALUE"""),12) -> 12 | AD24: =IFERROR(__xludf.DUMMYFUNCTION("""COMPUTED_VALUE"""),"early") -> early | AE24: =IFERROR(__xludf.DUMMYFUNCTION("""COMPUTED_VALUE"""),"2055-06-13T11:31:18.826114Z") -> 2055-06-13T11:31:18.826114Z | AF24: =IFERROR(__xludf.DUMMYFUNCTION("""COMPUTED_VALUE"""),"2055-06-13T11:36:20.851883Z") -> 2055-06-13T11:36:20.851883Z | AG24: =IFERROR(__xludf.DUMMYFUNCTION("""COMPUTED_VALUE"""),"2055-06-13T11:15:34.266911Z") -> 2055-06-13T11:15:34.266911Z | AH24: =IFERROR(__xludf.DUMMYFUNCTION("""COMPUTED_VALUE"""),"2055-06-13T11:20:48.907935Z") -> 2055-06-13T11:20:48.907935Z | AI24: =IFERROR(__xludf.DUMMYFUNCTION("""COMPUTED_VALUE"""),4.52) -> 4.52 | AJ24: =IFERROR(__xludf.DUMMYFUNCTION("""COMPUTED_VALUE"""),183) -> 183 | AK24: =IFERROR(__xludf.DUMMYFUNCTION("""COMPUTED_VALUE"""),522) -> 522
A25: =IFERROR(__xludf.DUMMYFUNCTION("""COMPUTED_VALUE"""),742) -> 742 | C25: =IFERROR(__xludf.DUMMYFUNCTION("""COMPUTED_VALUE"""),4050) -> 4050 | D25: =IFERROR(__xludf.DUMMYFUNCTION("""COMPUTED_VALUE"""),"Doorlanta") -> Doorlanta | E25: =IFERROR(__xludf.DUMMYFUNCTION("""COMPUTED_VALUE"""),"Galaxy A") -> Galaxy A | F25: =IFERROR(__xludf.DUMMYFUNCTION("""COMPUTED_VALUE"""),"Katelynn") -> Katelynn | G25: =IFERROR(__xludf.DUMMYFUNCTION("""COMPUTED_VALUE"""),0) -> 0 | H25: =IFERROR(__xludf.DUMMYFUNCTION("""COMPUTED_VALUE"""),"car") -> car | I25: =IFERROR(__xludf.DUMMYFUNCTION("""COMPUTED_VALUE"""),"2055-06-06T16:41:15.731402Z") -> 2055-06-06T16:41:15.731402Z | J25: =IFERROR(__xludf.DUMMYFUNCTION("""COMPUTED_VALUE"""),"2055-06-06T17:46:09.803Z") -> 2055-06-06T17:46:09.803Z | K25: =IFERROR(__xludf.DUMMYFUNCTION("""COMPUTED_VALUE"""),"2055-06-06T17:24:15.803Z") -> 2055-06-06T17:24:15.803Z | L25: =IFERROR(__xludf.DUMMYFUNCTION("""COMPUTED_VALUE"""),1) -> 1 | M25: =IFERROR(__xludf.DUMMYFUNCTION("""COMPUTED_VALUE"""),0) -> 0 | N25: =IFERROR(__xludf.DUMMYFUNCTION("""COMPUTED_VALUE"""),"2055-06-06T17:22:53.925846Z") -> 2055-06-06T17:22:53.925846Z | O25: =IFERROR(__xludf.DUMMYFUNCTION("""COMPUTED_VALUE"""),"2055-06-06T17:44:01.921308Z") -> 2055-06-06T17:44:01.921308Z | P25: =IFERROR(__xludf.DUMMYFUNCTION("""COMPUTED_VALUE"""),"2055-06-06T16:51:07.274373Z") -> 2055-06-06T16:51:07.274373Z | Q25: =IFERROR(__xludf.DUMMYFUNCTION("""COMPUTED_VALUE"""),0) -> 0 | R25: =IFERROR(__xludf.DUMMYFUNCTION("""COMPUTED_VALUE"""),"2055-06-06T16:51:11.550738Z") -> 2055-06-06T16:51:11.550738Z | S25: =IFERROR(__xludf.DUMMYFUNCTION("""COMPUTED_VALUE"""),"2055-06-06T17:08:32.499641Z") -> 2055-06-06T17:08:32.499641Z | U25: =IFERROR(__xludf.DUMMYFUNCTION("""COMPUTED_VALUE"""),56771) -> 56771 | V25: =IFERROR(__xludf.DUMMYFUNCTION("""COMPUTED_VALUE"""),4.5) -> 4.5 | W25: =IFERROR(__xludf.DUMMYFUNCTION("""COMPUTED_VALUE"""),1000) -> 1000 | X25: =IFERROR(__xludf.DUMMYFUNCTION("""COMPUTED_VALUE"""),3170) -> 3170 | Y25: =IFERROR(__xludf.DUMMYFUNCTION("""COMPUTED_VALUE"""),1041) -> 1041 | Z25: =IFERROR(__xludf.DUMMYFUNCTION("""COMPUTED_VALUE"""),861) -> 861 | AA25: =IFERROR(__xludf.DUMMYFUNCTION("""COMPUTED_VALUE"""),1268) -> 1268 | AB25: =IFERROR(__xludf.DUMMYFUNCTION("""COMPUTED_VALUE"""),0) -> 0 | AC25: =IFERROR(__xludf.DUMMYFUNCTION("""COMPUTED_VALUE"""),14) -> 14 | AD25: =IFERROR(__xludf.DUMMYFUNCTION("""COMPUTED_VALUE"""),"late") -> late | AE25: =IFERROR(__xludf.DUMMYFUNCTION("""COMPUTED_VALUE"""),"2055-06-06T13:22:53.925846Z") -> 2055-06-06T13:22:53.925846Z | AF25: =IFERROR(__xludf.DUMMYFUNCTION("""COMPUTED_VALUE"""),"2055-06-06T13:44:01.921308Z") -> 2055-06-06T13:44:01.921308Z | AG25: =IFERROR(__xludf.DUMMYFUNCTION("""COMPUTED_VALUE"""),"2055-06-06T12:51:07.274373Z") -> 2055-06-06T12:51:07.274373Z | AH25: =IFERROR(__xludf.DUMMYFUNCTION("""COMPUTED_VALUE"""),"2055-06-06T13:08:32.499641Z") -> 2055-06-06T13:08:32.499641Z | AI25: =IFERROR(__xludf.DUMMYFUNCTION("""COMPUTED_VALUE"""),4.7) -> 4.7 | AJ25: =IFERROR(__xludf.DUMMYFUNCTION("""COMPUTED_VALUE"""),1261) -> 1261 | AK25: =IFERROR(__xludf.DUMMYFUNCTION("""COMPUTED_VALUE"""),3264) -> 3264 | AL25: =IFERROR(__xludf.DUMMYFUNCTION("""COMPUTED_VALUE"""),232) -> 232
A26: =IFERROR(__xludf.DUMMYFUNCTION("""COMPUTED_VALUE"""),361) -> 361 | B26: =IFERROR(__xludf.DUMMYFUNCTION("""COMPUTED_VALUE"""),3) -> 3 | C26: =IFERROR(__xludf.DUMMYFUNCTION("""COMPUTED_VALUE"""),4050) -> 4050 | D26: =IFERROR(__xludf.DUMMYFUNCTION("""COMPUTED_VALUE"""),"Doorlanta") -> Doorlanta | E26: =IFERROR(__xludf.DUMMYFUNCTION("""COMPUTED_VALUE"""),"Galaxy A") -> Galaxy A | F26: =IFERROR(__xludf.DUMMYFUNCTION("""COMPUTED_VALUE"""),"Lauran") -> Lauran | G26: =IFERROR(__xludf.DUMMYFUNCTION("""COMPUTED_VALUE"""),0) -> 0 | H26: =IFERROR(__xludf.DUMMYFUNCTION("""COMPUTED_VALUE"""),"car") -> car | I26: =IFERROR(__xludf.DUMMYFUNCTION("""COMPUTED_VALUE"""),"2055-06-03T23:15:25.883303Z") -> 2055-06-03T23:15:25.883303Z | J26: =IFERROR(__xludf.DUMMYFUNCTION("""COMPUTED_VALUE"""),"2055-06-04T00:16:53.959Z") -> 2055-06-04T00:16:53.959Z | K26: =IFERROR(__xludf.DUMMYFUNCTION("""COMPUTED_VALUE"""),"2055-06-03T23:58:00.959Z") -> 2055-06-03T23:58:00.959Z | L26: =IFERROR(__xludf.DUMMYFUNCTION("""COMPUTED_VALUE"""),1) -> 1 | M26: =IFERROR(__xludf.DUMMYFUNCTION("""COMPUTED_VALUE"""),0) -> 0 | N26: =IFERROR(__xludf.DUMMYFUNCTION("""COMPUTED_VALUE"""),"2055-06-03T23:59:19.549565Z") -> 2055-06-03T23:59:19.549565Z | O26: =IFERROR(__xludf.DUMMYFUNCTION("""COMPUTED_VALUE"""),"2055-06-04T00:15:50.983126Z") -> 2055-06-04T00:15:50.983126Z | P26: =IFERROR(__xludf.DUMMYFUNCTION("""COMPUTED_VALUE"""),"2055-06-03T23:15:47.365112Z") -> 2055-06-03T23:15:47.365112Z | Q26: =IFERROR(__xludf.DUMMYFUNCTION("""COMPUTED_VALUE"""),0) -> 0 | R26: =IFERROR(__xludf.DUMMYFUNCTION("""COMPUTED_VALUE"""),"2055-06-03T23:15:52.523686Z") -> 2055-06-03T23:15:52.523686Z | S26: =IFERROR(__xludf.DUMMYFUNCTION("""COMPUTED_VALUE"""),"2055-06-03T23:21:10.238683Z") -> 2055-06-03T23:21:10.238683Z | U26: =IFERROR(__xludf.DUMMYFUNCTION("""COMPUTED_VALUE"""),56768) -> 56768 | V26: =IFERROR(__xludf.DUMMYFUNCTION("""COMPUTED_VALUE"""),4.5) -> 4.5 | W26: =IFERROR(__xludf.DUMMYFUNCTION("""COMPUTED_VALUE"""),1000) -> 1000 | X26: =IFERROR(__xludf.DUMMYFUNCTION("""COMPUTED_VALUE"""),3598) -> 3598 | Y26: =IFERROR(__xludf.DUMMYFUNCTION("""COMPUTED_VALUE"""),318) -> 318 | Z26: =IFERROR(__xludf.DUMMYFUNCTION("""COMPUTED_VALUE"""),2289) -> 2289 | AA26: =IFERROR(__xludf.DUMMYFUNCTION("""COMPUTED_VALUE"""),991) -> 991 | AB26: =IFERROR(__xludf.DUMMYFUNCTION("""COMPUTED_VALUE"""),0) -> 0 | AC26: =IFERROR(__xludf.DUMMYFUNCTION("""COMPUTED_VALUE"""),4) -> 4 | AD26: =IFERROR(__xludf.DUMMYFUNCTION("""COMPUTED_VALUE"""),"early") -> early | AE26: =IFERROR(__xludf.DUMMYFUNCTION("""COMPUTED_VALUE"""),"2055-06-03T19:59:19.549565Z") -> 2055-06-03T19:59:19.549565Z | AF26: =IFERROR(__xludf.DUMMYFUNCTION("""COMPUTED_VALUE"""),"2055-06-03T20:15:50.983126Z") -> 2055-06-03T20:15:50.983126Z | AG26: =IFERROR(__xludf.DUMMYFUNCTION("""COMPUTED_VALUE"""),"2055-06-03T19:15:47.365112Z") -> 2055-06-03T19:15:47.365112Z | AH26: =IFERROR(__xludf.DUMMYFUNCTION("""COMPUTED_VALUE"""),"2055-06-03T19:21:10.238683Z") -> 2055-06-03T19:21:10.238683Z | AI26: =IFERROR(__xludf.DUMMYFUNCTION("""COMPUTED_VALUE"""),4.42) -> 4.42 | AJ26: =IFERROR(__xludf.DUMMYFUNCTION("""COMPUTED_VALUE"""),1396) -> 1396 | AK26: =IFERROR(__xludf.DUMMYFUNCTION("""COMPUTED_VALUE"""),4836) -> 4836 | AL26: =IFERROR(__xludf.DUMMYFUNCTION("""COMPUTED_VALUE"""),1278) -> 1278
A27: =IFERROR(__xludf.DUMMYFUNCTION("""COMPUTED_VALUE"""),36) -> 36 | C27: =IFERROR(__xludf.DUMMYFUNCTION("""COMPUTED_VALUE"""),4001) -> 4001 | D27: =IFERROR(__xludf.DUMMYFUNCTION("""COMPUTED_VALUE"""),"Dashattan") -> Dashattan | E27: =IFERROR(__xludf.DUMMYFUNCTION("""COMPUTED_VALUE"""),"Galaxy A") -> Galaxy A | F27: =IFERROR(__xludf.DUMMYFUNCTION("""COMPUTED_VALUE"""),"KC") -> KC | G27: =IFERROR(__xludf.DUMMYFUNCTION("""COMPUTED_VALUE"""),0) -> 0 | H27: =IFERROR(__xludf.DUMMYFUNCTION("""COMPUTED_VALUE"""),"car") -> car | I27: =IFERROR(__xludf.DUMMYFUNCTION("""COMPUTED_VALUE"""),"2055-06-01T21:01:04.209755Z") -> 2055-06-01T21:01:04.209755Z | J27: =IFERROR(__xludf.DUMMYFUNCTION("""COMPUTED_VALUE"""),"2055-06-02T15:30:00Z") -> 2055-06-02T15:30:00Z | K27: =IFERROR(__xludf.DUMMYFUNCTION("""COMPUTED_VALUE"""),"2055-06-02T15:30:00Z") -> 2055-06-02T15:30:00Z | L27: =IFERROR(__xludf.DUMMYFUNCTION("""COMPUTED_VALUE"""),0) -> 0 | M27: =IFERROR(__xludf.DUMMYFUNCTION("""COMPUTED_VALUE"""),0) -> 0 | N27: =IFERROR(__xludf.DUMMYFUNCTION("""COMPUTED_VALUE"""),"2055-06-02T14:48:48.937943Z") -> 2055-06-02T14:48:48.937943Z | O27: =IFERROR(__xludf.DUMMYFUNCTION("""COMPUTED_VALUE"""),"2055-06-02T15:08:40.224318Z") -> 2055-06-02T15:08:40.224318Z | P27: =IFERROR(__xludf.DUMMYFUNCTION("""COMPUTED_VALUE"""),"2055-06-02T14:30:14.230927Z") -> 2055-06-02T14:30:14.230927Z | Q27: =IFERROR(__xludf.DUMMYFUNCTION("""COMPUTED_VALUE"""),0) -> 0 | R27: =IFERROR(__xludf.DUMMYFUNCTION("""COMPUTED_VALUE"""),"2055-06-02T14:30:28.58113Z") -> 2055-06-02T14:30:28.58113Z | S27: =IFERROR(__xludf.DUMMYFUNCTION("""COMPUTED_VALUE"""),"2055-06-02T14:41:27.462278Z") -> 2055-06-02T14:41:27.462278Z | U27: =IFERROR(__xludf.DUMMYFUNCTION("""COMPUTED_VALUE"""),56767) -> 56767 | V27: =IFERROR(__xludf.DUMMYFUNCTION("""COMPUTED_VALUE"""),4.4) -> 4.4 | W27: =IFERROR(__xludf.DUMMYFUNCTION("""COMPUTED_VALUE"""),1000) -> 1000 | X27: =IFERROR(__xludf.DUMMYFUNCTION("""COMPUTED_VALUE"""),2292) -> 2292 | Y27: =IFERROR(__xludf.DUMMYFUNCTION("""COMPUTED_VALUE"""),659) -> 659 | Z27: =IFERROR(__xludf.DUMMYFUNCTION("""COMPUTED_VALUE"""),441) -> 441 | AA27: =IFERROR(__xludf.DUMMYFUNCTION("""COMPUTED_VALUE"""),1192) -> 1192 | AB27: =IFERROR(__xludf.DUMMYFUNCTION("""COMPUTED_VALUE"""),0) -> 0 | AC27: =IFERROR(__xludf.DUMMYFUNCTION("""COMPUTED_VALUE"""),11) -> 11 | AD27: =IFERROR(__xludf.DUMMYFUNCTION("""COMPUTED_VALUE"""),"on time") -> on time | AE27: =IFERROR(__xludf.DUMMYFUNCTION("""COMPUTED_VALUE"""),"2055-06-02T10:48:48.937943Z") -> 2055-06-02T10:48:48.937943Z | AF27: =IFERROR(__xludf.DUMMYFUNCTION("""COMPUTED_VALUE"""),"2055-06-02T11:08:40.224318Z") -> 2055-06-02T11:08:40.224318Z | AG27: =IFERROR(__xludf.DUMMYFUNCTION("""COMPUTED_VALUE"""),"2055-06-02T10:30:14.230927Z") -> 2055-06-02T10:30:14.230927Z | AH27: =IFERROR(__xludf.DUMMYFUNCTION("""COMPUTED_VALUE"""),"2055-06-02T10:41:27.462278Z") -> 2055-06-02T10:41:27.462278Z | AI27: =IFERROR(__xludf.DUMMYFUNCTION("""COMPUTED_VALUE"""),4.54) -> 4.54 | AJ27: =IFERROR(__xludf.DUMMYFUNCTION("""COMPUTED_VALUE"""),2229) -> 2229 | AK27: =IFERROR(__xludf.DUMMYFUNCTION("""COMPUTED_VALUE"""),6580) -> 6580
A28: =IFERROR(__xludf.DUMMYFUNCTION("""COMPUTED_VALUE"""),271) -> 271 | C28: =IFERROR(__xludf.DUMMYFUNCTION("""COMPUTED_VALUE"""),4001) -> 4001 | D28: =IFERROR(__xludf.DUMMYFUNCTION("""COMPUTED_VALUE"""),"Dashattan") -> Dashattan | E28: =IFERROR(__xludf.DUMMYFUNCTION("""COMPUTED_VALUE"""),"Galaxy A") -> Galaxy A | F28: =IFERROR(__xludf.DUMMYFUNCTION("""COMPUTED_VALUE"""),"Sean") -> Sean | G28: =IFERROR(__xludf.DUMMYFUNCTION("""COMPUTED_VALUE"""),0) -> 0 | H28: =IFERROR(__xludf.DUMMYFUNCTION("""COMPUTED_VALUE"""),"bicycle") -> bicycle | I28: =IFERROR(__xludf.DUMMYFUNCTION("""COMPUTED_VALUE"""),"2055-06-03T15:44:35.396375Z") -> 2055-06-03T15:44:35.396375Z | J28: =IFERROR(__xludf.DUMMYFUNCTION("""COMPUTED_VALUE"""),"2055-06-03T16:22:42.451Z") -> 2055-06-03T16:22:42.451Z | K28: =IFERROR(__xludf.DUMMYFUNCTION("""COMPUTED_VALUE"""),"2055-06-03T16:13:49.451Z") -> 2055-06-03T16:13:49.451Z | L28: =IFERROR(__xludf.DUMMYFUNCTION("""COMPUTED_VALUE"""),1) -> 1 | M28: =IFERROR(__xludf.DUMMYFUNCTION("""COMPUTED_VALUE"""),0) -> 0 | N28: =IFERROR(__xludf.DUMMYFUNCTION("""COMPUTED_VALUE"""),"2055-06-03T17:27:07.724355Z") -> 2055-06-03T17:27:07.724355Z | O28: =IFERROR(__xludf.DUMMYFUNCTION("""COMPUTED_VALUE"""),"2055-06-03T17:39:52.518053Z") -> 2055-06-03T17:39:52.518053Z | P28: =IFERROR(__xludf.DUMMYFUNCTION("""COMPUTED_VALUE"""),"2055-06-03T17:09:14.942128Z") -> 2055-06-03T17:09:14.942128Z | Q28: =IFERROR(__xludf.DUMMYFUNCTION("""COMPUTED_VALUE"""),0) -> 0 | R28: =IFERROR(__xludf.DUMMYFUNCTION("""COMPUTED_VALUE"""),"2055-06-03T17:09:44.546634Z") -> 2055-06-03T17:09:44.546634Z | S28: =IFERROR(__xludf.DUMMYFUNCTION("""COMPUTED_VALUE"""),"2055-06-03T17:11:59.817956Z") -> 2055-06-03T17:11:59.817956Z | U28: =IFERROR(__xludf.DUMMYFUNCTION("""COMPUTED_VALUE"""),56768) -> 56768 | V28: =IFERROR(__xludf.DUMMYFUNCTION("""COMPUTED_VALUE"""),3.49339893) -> 3.4933989 | W28: =IFERROR(__xludf.DUMMYFUNCTION("""COMPUTED_VALUE"""),7500) -> 7500 | X28: =IFERROR(__xludf.DUMMYFUNCTION("""COMPUTED_VALUE"""),1808) -> 1808 | Y28: =IFERROR(__xludf.DUMMYFUNCTION("""COMPUTED_VALUE"""),135) -> 135 | Z28: =IFERROR(__xludf.DUMMYFUNCTION("""COMPUTED_VALUE"""),908) -> 908 | AA28: =IFERROR(__xludf.DUMMYFUNCTION("""COMPUTED_VALUE"""),765) -> 765 | AB28: =IFERROR(__xludf.DUMMYFUNCTION("""COMPUTED_VALUE"""),1) -> 1 | AC28: =IFERROR(__xludf.DUMMYFUNCTION("""COMPUTED_VALUE"""),13) -> 13 | AE28: =IFERROR(__xludf.DUMMYFUNCTION("""COMPUTED_VALUE"""),"2055-06-03T13:27:07.724355Z") -> 2055-06-03T13:27:07.724355Z | AF28: =IFERROR(__xludf.DUMMYFUNCTION("""COMPUTED_VALUE"""),"2055-06-03T13:39:52.518053Z") -> 2055-06-03T13:39:52.518053Z | AG28: =IFERROR(__xludf.DUMMYFUNCTION("""COMPUTED_VALUE"""),"2055-06-03T13:09:14.942128Z") -> 2055-06-03T13:09:14.942128Z | AH28: =IFERROR(__xludf.DUMMYFUNCTION("""COMPUTED_VALUE"""),"2055-06-03T13:11:59.817956Z") -> 2055-06-03T13:11:59.817956Z | AI28: =IFERROR(__xludf.DUMMYFUNCTION("""COMPUTED_VALUE"""),4.52) -> 4.52 | AJ28: =IFERROR(__xludf.DUMMYFUNCTION("""COMPUTED_VALUE"""),183) -> 183 | AK28: =IFERROR(__xludf.DUMMYFUNCTION("""COMPUTED_VALUE"""),522) -> 522
A29: =IFERROR(__xludf.DUMMYFUNCTION("""COMPUTED_VALUE"""),498) -> 498 | C29: =IFERROR(__xludf.DUMMYFUNCTION("""COMPUTED_VALUE"""),4050) -> 4050 | D29: =IFERROR(__xludf.DUMMYFUNCTION("""COMPUTED_VALUE"""),"Doorlanta") -> Doorlanta | E29: =IFERROR(__xludf.DUMMYFUNCTION("""COMPUTED_VALUE"""),"Galaxy A") -> Galaxy A | F29: =IFERROR(__xludf.DUMMYFUNCTION("""COMPUTED_VALUE"""),"Josh") -> Josh | G29: =IFERROR(__xludf.DUMMYFUNCTION("""COMPUTED_VALUE"""),0) -> 0 | H29: =IFERROR(__xludf.DUMMYFUNCTION("""COMPUTED_VALUE"""),"car") -> car | I29: =IFERROR(__xludf.DUMMYFUNCTION("""COMPUTED_VALUE"""),"2055-06-04T23:56:30.589599Z") -> 2055-06-04T23:56:30.589599Z | J29: =IFERROR(__xludf.DUMMYFUNCTION("""COMPUTED_VALUE"""),"2055-06-05T00:50:13.651Z") -> 2055-06-05T00:50:13.651Z | K29: =IFERROR(__xludf.DUMMYFUNCTION("""COMPUTED_VALUE"""),"2055-06-05T00:35:32.651Z") -> 2055-06-05T00:35:32.651Z | L29: =IFERROR(__xludf.DUMMYFUNCTION("""COMPUTED_VALUE"""),1) -> 1 | M29: =IFERROR(__xludf.DUMMYFUNCTION("""COMPUTED_VALUE"""),0) -> 0 | N29: =IFERROR(__xludf.DUMMYFUNCTION("""COMPUTED_VALUE"""),"2055-06-05T00:26:50.434556Z") -> 2055-06-05T00:26:50.434556Z | O29: =IFERROR(__xludf.DUMMYFUNCTION("""COMPUTED_VALUE"""),"2055-06-05T00:39:33.904762Z") -> 2055-06-05T00:39:33.904762Z | P29: =IFERROR(__xludf.DUMMYFUNCTION("""COMPUTED_VALUE"""),"2055-06-05T00:06:07.281382Z") -> 2055-06-05T00:06:07.281382Z | Q29: =IFERROR(__xludf.DUMMYFUNCTION("""COMPUTED_VALUE"""),0) -> 0 | R29: =IFERROR(__xludf.DUMMYFUNCTION("""COMPUTED_VALUE"""),"2055-06-05T00:06:15.726482Z") -> 2055-06-05T00:06:15.726482Z | S29: =IFERROR(__xludf.DUMMYFUNCTION("""COMPUTED_VALUE"""),"2055-06-05T00:14:42.058012Z") -> 2055-06-05T00:14:42.058012Z | U29: =IFERROR(__xludf.DUMMYFUNCTION("""COMPUTED_VALUE"""),56769) -> 56769 | V29: =IFERROR(__xludf.DUMMYFUNCTION("""COMPUTED_VALUE"""),3.431783289) -> 3.4317833 | W29: =IFERROR(__xludf.DUMMYFUNCTION("""COMPUTED_VALUE"""),7500) -> 7500 | X29: =IFERROR(__xludf.DUMMYFUNCTION("""COMPUTED_VALUE"""),1998) -> 1998 | Y29: =IFERROR(__xludf.DUMMYFUNCTION("""COMPUTED_VALUE"""),507) -> 507 | Z29: =IFERROR(__xludf.DUMMYFUNCTION("""COMPUTED_VALUE"""),728) -> 728 | AA29: =IFERROR(__xludf.DUMMYFUNCTION("""COMPUTED_VALUE"""),763) -> 763 | AB29: =IFERROR(__xludf.DUMMYFUNCTION("""COMPUTED_VALUE"""),1) -> 1 | AC29: =IFERROR(__xludf.DUMMYFUNCTION("""COMPUTED_VALUE"""),5) -> 5 | AE29: =IFERROR(__xludf.DUMMYFUNCTION("""COMPUTED_VALUE"""),"2055-06-04T20:26:50.434556Z") -> 2055-06-04T20:26:50.434556Z | AF29: =IFERROR(__xludf.DUMMYFUNCTION("""COMPUTED_VALUE"""),"2055-06-04T20:39:33.904762Z") -> 2055-06-04T20:39:33.904762Z | AG29: =IFERROR(__xludf.DUMMYFUNCTION("""COMPUTED_VALUE"""),"2055-06-04T20:06:07.281382Z") -> 2055-06-04T20:06:07.281382Z | AH29: =IFERROR(__xludf.DUMMYFUNCTION("""COMPUTED_VALUE"""),"2055-06-04T20:14:42.058012Z") -> 2055-06-04T20:14:42.058012Z | AI29: =IFERROR(__xludf.DUMMYFUNCTION("""COMPUTED_VALUE"""),4.77) -> 4.77 | AJ29: =IFERROR(__xludf.DUMMYFUNCTION("""COMPUTED_VALUE"""),426) -> 426 | AK29: =IFERROR(__xludf.DUMMYFUNCTION("""COMPUTED_VALUE"""),1226) -> 1226 | AL29: =IFERROR(__xludf.DUMMYFUNCTION("""COMPUTED_VALUE"""),85) -> 85
A30: =IFERROR(__xludf.DUMMYFUNCTION("""COMPUTED_VALUE"""),731) -> 731 | B30: =IFERROR(__xludf.DUMMYFUNCTION("""COMPUTED_VALUE"""),5) -> 5 | C30: =IFERROR(__xludf.DUMMYFUNCTION("""COMPUTED_VALUE"""),4050) -> 4050 | D30: =IFERROR(__xludf.DUMMYFUNCTION("""COMPUTED_VALUE"""),"Doorlanta") -> Doorlanta | E30: =IFERROR(__xludf.DUMMYFUNCTION("""COMPUTED_VALUE"""),"Galaxy A") -> Galaxy A | F30: =IFERROR(__xludf.DUMMYFUNCTION("""COMPUTED_VALUE"""),"Jagar") -> Jagar | G30: =IFERROR(__xludf.DUMMYFUNCTION("""COMPUTED_VALUE"""),0) -> 0 | H30: =IFERROR(__xludf.DUMMYFUNCTION("""COMPUTED_VALUE"""),"car") -> car | I30: =IFERROR(__xludf.DUMMYFUNCTION("""COMPUTED_VALUE"""),"2055-06-06T15:49:17.745982Z") -> 2055-06-06T15:49:17.745982Z | J30: =IFERROR(__xludf.DUMMYFUNCTION("""COMPUTED_VALUE"""),"2055-06-06T16:44:17.827Z") -> 2055-06-06T16:44:17.827Z | K30: =IFERROR(__xludf.DUMMYFUNCTION("""COMPUTED_VALUE"""),"2055-06-06T16:21:45.827Z") -> 2055-06-06T16:21:45.827Z | L30: =IFERROR(__xludf.DUMMYFUNCTION("""COMPUTED_VALUE"""),1) -> 1 | M30: =IFERROR(__xludf.DUMMYFUNCTION("""COMPUTED_VALUE"""),0) -> 0 | N30: =IFERROR(__xludf.DUMMYFUNCTION("""COMPUTED_VALUE"""),"2055-06-06T16:26:31.887028Z") -> 2055-06-06T16:26:31.887028Z | O30: =IFERROR(__xludf.DUMMYFUNCTION("""COMPUTED_VALUE"""),"2055-06-06T16:34:36.268071Z") -> 2055-06-06T16:34:36.268071Z | P30: =IFERROR(__xludf.DUMMYFUNCTION("""COMPUTED_VALUE"""),"2055-06-06T15:49:27.327972Z") -> 2055-06-06T15:49:27.327972Z | Q30: =IFERROR(__xludf.DUMMYFUNCTION("""COMPUTED_VALUE"""),0) -> 0 | R30: =IFERROR(__xludf.DUMMYFUNCTION("""COMPUTED_VALUE"""),"2055-06-06T15:49:37.74976Z") -> 2055-06-06T15:49:37.74976Z | S30: =IFERROR(__xludf.DUMMYFUNCTION("""COMPUTED_VALUE"""),"2055-06-06T15:53:49.370735Z") -> 2055-06-06T15:53:49.370735Z | U30: =IFERROR(__xludf.DUMMYFUNCTION("""COMPUTED_VALUE"""),56771) -> 56771 | V30: =IFERROR(__xludf.DUMMYFUNCTION("""COMPUTED_VALUE"""),4.6) -> 4.6 | W30: =IFERROR(__xludf.DUMMYFUNCTION("""COMPUTED_VALUE"""),7500) -> 7500 | X30: =IFERROR(__xludf.DUMMYFUNCTION("""COMPUTED_VALUE"""),2699) -> 2699 | Y30: =IFERROR(__xludf.DUMMYFUNCTION("""COMPUTED_VALUE"""),252) -> 252 | Z30: =IFERROR(__xludf.DUMMYFUNCTION("""COMPUTED_VALUE"""),1962) -> 1962 | AA30: =IFERROR(__xludf.DUMMYFUNCTION("""COMPUTED_VALUE"""),485) -> 485 | AB30: =IFERROR(__xludf.DUMMYFUNCTION("""COMPUTED_VALUE"""),0) -> 0 | AC30: =IFERROR(__xludf.DUMMYFUNCTION("""COMPUTED_VALUE"""),8) -> 8 | AD30: =IFERROR(__xludf.DUMMYFUNCTION("""COMPUTED_VALUE"""),"early") -> early | AE30: =IFERROR(__xludf.DUMMYFUNCTION("""COMPUTED_VALUE"""),"2055-06-06T12:26:31.887028Z") -> 2055-06-06T12:26:31.887028Z | AF30: =IFERROR(__xludf.DUMMYFUNCTION("""COMPUTED_VALUE"""),"2055-06-06T12:34:36.268071Z") -> 2055-06-06T12:34:36.268071Z | AG30: =IFERROR(__xludf.DUMMYFUNCTION("""COMPUTED_VALUE"""),"2055-06-06T11:49:27.327972Z") -> 2055-06-06T11:49:27.327972Z | AH30: =IFERROR(__xludf.DUMMYFUNCTION("""COMPUTED_VALUE"""),"2055-06-06T11:53:49.370735Z") -> 2055-06-06T11:53:49.370735Z | AI30: =IFERROR(__xludf.DUMMYFUNCTION("""COMPUTED_VALUE"""),4.89) -> 4.89 | AJ30: =IFERROR(__xludf.DUMMYFUNCTION("""COMPUTED_VALUE"""),1778) -> 1778 | AK30: =IFERROR(__xludf.DUMMYFUNCTION("""COMPUTED_VALUE"""),5138) -> 5138 | AL30: =IFERROR(__xludf.DUMMYFUNCTION("""COMPUTED_VALUE"""),314) -> 314
A31: =IFERROR(__xludf.DUMMYFUNCTION("""COMPUTED_VALUE"""),639) -> 639 | C31: =IFERROR(__xludf.DUMMYFUNCTION("""COMPUTED_VALUE"""),4050) -> 4050 | D31: =IFERROR(__xludf.DUMMYFUNCTION("""COMPUTED_VALUE"""),"Doorlanta") -> Doorlanta | E31: =IFERROR(__xludf.DUMMYFUNCTION("""COMPUTED_VALUE"""),"Galaxy A") -> Galaxy A | F31: =IFERROR(__xludf.DUMMYFUNCTION("""COMPUTED_VALUE"""),"Abhai") -> Abhai | G31: =IFERROR(__xludf.DUMMYFUNCTION("""COMPUTED_VALUE"""),0) -> 0 | H31: =IFERROR(__xludf.DUMMYFUNCTION("""COMPUTED_VALUE"""),"car") -> car | I31: =IFERROR(__xludf.DUMMYFUNCTION("""COMPUTED_VALUE"""),"2055-06-05T22:05:58.809237Z") -> 2055-06-05T22:05:58.809237Z | J31: =IFERROR(__xludf.DUMMYFUNCTION("""COMPUTED_VALUE"""),"2055-06-05T22:58:56.877Z") -> 2055-06-05T22:58:56.877Z | K31: =IFERROR(__xludf.DUMMYFUNCTION("""COMPUTED_VALUE"""),"2055-06-05T22:48:49.877Z") -> 2055-06-05T22:48:49.877Z | L31: =IFERROR(__xludf.DUMMYFUNCTION("""COMPUTED_VALUE"""),1) -> 1 | M31: =IFERROR(__xludf.DUMMYFUNCTION("""COMPUTED_VALUE"""),0) -> 0 | N31: =IFERROR(__xludf.DUMMYFUNCTION("""COMPUTED_VALUE"""),"2055-06-05T22:25:00.638806Z") -> 2055-06-05T22:25:00.638806Z | O31: =IFERROR(__xludf.DUMMYFUNCTION("""COMPUTED_VALUE"""),"2055-06-05T22:40:12.579445Z") -> 2055-06-05T22:40:12.579445Z | P31: =IFERROR(__xludf.DUMMYFUNCTION("""COMPUTED_VALUE"""),"2055-06-05T22:06:07.487224Z") -> 2055-06-05T22:06:07.487224Z | Q31: =IFERROR(__xludf.DUMMYFUNCTION("""COMPUTED_VALUE"""),0) -> 0 | R31: =IFERROR(__xludf.DUMMYFUNCTION("""COMPUTED_VALUE"""),"2055-06-05T22:06:14.092196Z") -> 2055-06-05T22:06:14.092196Z | S31: =IFERROR(__xludf.DUMMYFUNCTION("""COMPUTED_VALUE"""),"2055-06-05T22:08:57.772749Z") -> 2055-06-05T22:08:57.772749Z | U31: =IFERROR(__xludf.DUMMYFUNCTION("""COMPUTED_VALUE"""),56770) -> 56770 | V31: =IFERROR(__xludf.DUMMYFUNCTION("""COMPUTED_VALUE"""),4.7) -> 4.7 | W31: =IFERROR(__xludf.DUMMYFUNCTION("""COMPUTED_VALUE"""),7500) -> 7500 | X31: =IFERROR(__xludf.DUMMYFUNCTION("""COMPUTED_VALUE"""),2038) -> 2038 | Y31: =IFERROR(__xludf.DUMMYFUNCTION("""COMPUTED_VALUE"""),163) -> 163 | Z31: =IFERROR(__xludf.DUMMYFUNCTION("""COMPUTED_VALUE"""),963) -> 963 | AA31: =IFERROR(__xludf.DUMMYFUNCTION("""COMPUTED_VALUE"""),912) -> 912 | AB31: =IFERROR(__xludf.DUMMYFUNCTION("""COMPUTED_VALUE"""),0) -> 0 | AC31: =IFERROR(__xludf.DUMMYFUNCTION("""COMPUTED_VALUE"""),10) -> 10 | AD31: =IFERROR(__xludf.DUMMYFUNCTION("""COMPUTED_VALUE"""),"early") -> early | AE31: =IFERROR(__xludf.DUMMYFUNCTION("""COMPUTED_VALUE"""),"2055-06-05T18:25:00.638806Z") -> 2055-06-05T18:25:00.638806Z | AF31: =IFERROR(__xludf.DUMMYFUNCTION("""COMPUTED_VALUE"""),"2055-06-05T18:40:12.579445Z") -> 2055-06-05T18:40:12.579445Z | AG31: =IFERROR(__xludf.DUMMYFUNCTION("""COMPUTED_VALUE"""),"2055-06-05T18:06:07.487224Z") -> 2055-06-05T18:06:07.487224Z | AH31: =IFERROR(__xludf.DUMMYFUNCTION("""COMPUTED_VALUE"""),"2055-06-05T18:08:57.772749Z") -> 2055-06-05T18:08:57.772749Z | AI31: =IFERROR(__xludf.DUMMYFUNCTION("""COMPUTED_VALUE"""),4.56) -> 4.56 | AJ31: =IFERROR(__xludf.DUMMYFUNCTION("""COMPUTED_VALUE"""),344) -> 344 | AK31: =IFERROR(__xludf.DUMMYFUNCTION("""COMPUTED_VALUE"""),947) -> 947 | AL31: =IFERROR(__xludf.DUMMYFUNCTION("""COMPUTED_VALUE"""),22) -> 22
A32: =IFERROR(__xludf.DUMMYFUNCTION("""COMPUTED_VALUE"""),253) -> 253 | B32: =IFERROR(__xludf.DUMMYFUNCTION("""COMPUTED_VALUE"""),5) -> 5 | C32: =IFERROR(__xludf.DUMMYFUNCTION("""COMPUTED_VALUE"""),4001) -> 4001 | D32: =IFERROR(__xludf.DUMMYFUNCTION("""COMPUTED_VALUE"""),"Dashattan") -> Dashattan | E32: =IFERROR(__xludf.DUMMYFUNCTION("""COMPUTED_VALUE"""),"Galaxy A") -> Galaxy A | F32: =IFERROR(__xludf.DUMMYFUNCTION("""COMPUTED_VALUE"""),"Sean") -> Sean | G32: =IFERROR(__xludf.DUMMYFUNCTION("""COMPUTED_VALUE"""),0) -> 0 | H32: =IFERROR(__xludf.DUMMYFUNCTION("""COMPUTED_VALUE"""),"bicycle") -> bicycle | I32: =IFERROR(__xludf.DUMMYFUNCTION("""COMPUTED_VALUE"""),"2055-06-03T13:56:31.072849Z") -> 2055-06-03T13:56:31.072849Z | J32: =IFERROR(__xludf.DUMMYFUNCTION("""COMPUTED_VALUE"""),"2055-06-03T15:45:00Z") -> 2055-06-03T15:45:00Z | K32: =IFERROR(__xludf.DUMMYFUNCTION("""COMPUTED_VALUE"""),"2055-06-03T15:45:00Z") -> 2055-06-03T15:45:00Z | L32: =IFERROR(__xludf.DUMMYFUNCTION("""COMPUTED_VALUE"""),0) -> 0 | M32: =IFERROR(__xludf.DUMMYFUNCTION("""COMPUTED_VALUE"""),0) -> 0 | N32: =IFERROR(__xludf.DUMMYFUNCTION("""COMPUTED_VALUE"""),"2055-06-03T15:26:48.122122Z") -> 2055-06-03T15:26:48.122122Z | O32: =IFERROR(__xludf.DUMMYFUNCTION("""COMPUTED_VALUE"""),"2055-06-03T15:34:24.487833Z") -> 2055-06-03T15:34:24.487833Z | P32: =IFERROR(__xludf.DUMMYFUNCTION("""COMPUTED_VALUE"""),"2055-06-03T14:50:14.204932Z") -> 2055-06-03T14:50:14.204932Z | Q32: =IFERROR(__xludf.DUMMYFUNCTION("""COMPUTED_VALUE"""),0) -> 0 | R32: =IFERROR(__xludf.DUMMYFUNCTION("""COMPUTED_VALUE"""),"2055-06-03T14:50:52.366967Z") -> 2055-06-03T14:50:52.366967Z | S32: =IFERROR(__xludf.DUMMYFUNCTION("""COMPUTED_VALUE"""),"2055-06-03T14:56:31.525702Z") -> 2055-06-03T14:56:31.525702Z | U32: =IFERROR(__xludf.DUMMYFUNCTION("""COMPUTED_VALUE"""),56768) -> 56768 | V32: =IFERROR(__xludf.DUMMYFUNCTION("""COMPUTED_VALUE"""),4.5) -> 4.5 | W32: =IFERROR(__xludf.DUMMYFUNCTION("""COMPUTED_VALUE"""),7500) -> 7500 | X32: =IFERROR(__xludf.DUMMYFUNCTION("""COMPUTED_VALUE"""),2612) -> 2612 | Y32: =IFERROR(__xludf.DUMMYFUNCTION("""COMPUTED_VALUE"""),339) -> 339 | Z32: =IFERROR(__xludf.DUMMYFUNCTION("""COMPUTED_VALUE"""),1817) -> 1817 | AA32: =IFERROR(__xludf.DUMMYFUNCTION("""COMPUTED_VALUE"""),456) -> 456 | AB32: =IFERROR(__xludf.DUMMYFUNCTION("""COMPUTED_VALUE"""),0) -> 0 | AC32: =IFERROR(__xludf.DUMMYFUNCTION("""COMPUTED_VALUE"""),18) -> 18 | AD32: =IFERROR(__xludf.DUMMYFUNCTION("""COMPUTED_VALUE"""),"on time") -> on time | AE32: =IFERROR(__xludf.DUMMYFUNCTION("""COMPUTED_VALUE"""),"2055-06-03T11:26:48.122122Z") -> 2055-06-03T11:26:48.122122Z | AF32: =IFERROR(__xludf.DUMMYFUNCTION("""COMPUTED_VALUE"""),"2055-06-03T11:34:24.487833Z") -> 2055-06-03T11:34:24.487833Z | AG32: =IFERROR(__xludf.DUMMYFUNCTION("""COMPUTED_VALUE"""),"2055-06-03T10:50:14.204932Z") -> 2055-06-03T10:50:14.204932Z | AH32: =IFERROR(__xludf.DUMMYFUNCTION("""COMPUTED_VALUE"""),"2055-06-03T10:56:31.525702Z") -> 2055-06-03T10:56:31.525702Z | AI32: =IFERROR(__xludf.DUMMYFUNCTION("""COMPUTED_VALUE"""),4.52) -> 4.52 | AJ32: =IFERROR(__xludf.DUMMYFUNCTION("""COMPUTED_VALUE"""),183) -> 183 | AK32: =IFERROR(__xludf.DUMMYFUNCTION("""COMPUTED_VALUE"""),522) -> 522
A33: =IFERROR(__xludf.DUMMYFUNCTION("""COMPUTED_VALUE"""),966) -> 966 | C33: =IFERROR(__xludf.DUMMYFUNCTION("""COMPUTED_VALUE"""),4001) -> 4001 | D33: =IFERROR(__xludf.DUMMYFUNCTION("""COMPUTED_VALUE"""),"Dashattan") -> Dashattan | E33: =IFERROR(__xludf.DUMMYFUNCTION("""COMPUTED_VALUE"""),"Galaxy A") -> Galaxy A | F33: =IFERROR(__xludf.DUMMYFUNCTION("""COMPUTED_VALUE"""),"Rojan") -> Rojan | G33: =IFERROR(__xludf.DUMMYFUNCTION("""COMPUTED_VALUE"""),0) -> 0 | H33: =IFERROR(__xludf.DUMMYFUNCTION("""COMPUTED_VALUE"""),"bicycle") -> bicycle | I33: =IFERROR(__xludf.DUMMYFUNCTION("""COMPUTED_VALUE"""),"2055-06-08T21:23:31.277345Z") -> 2055-06-08T21:23:31.277345Z | J33: =IFERROR(__xludf.DUMMYFUNCTION("""COMPUTED_VALUE"""),"2055-06-08T22:00:49.324Z") -> 2055-06-08T22:00:49.324Z | K33: =IFERROR(__xludf.DUMMYFUNCTION("""COMPUTED_VALUE"""),"2055-06-08T21:55:42.324Z") -> 2055-06-08T21:55:42.324Z | L33: =IFERROR(__xludf.DUMMYFUNCTION("""COMPUTED_VALUE"""),1) -> 1 | M33: =IFERROR(__xludf.DUMMYFUNCTION("""COMPUTED_VALUE"""),0) -> 0 | N33: =IFERROR(__xludf.DUMMYFUNCTION("""COMPUTED_VALUE"""),"2055-06-08T21:57:43.670453Z") -> 2055-06-08T21:57:43.670453Z | O33: =IFERROR(__xludf.DUMMYFUNCTION("""COMPUTED_VALUE"""),"2055-06-08T22:15:15.322664Z") -> 2055-06-08T22:15:15.322664Z | P33: =IFERROR(__xludf.DUMMYFUNCTION("""COMPUTED_VALUE"""),"2055-06-08T21:29:34.38399Z") -> 2055-06-08T21:29:34.38399Z | Q33: =IFERROR(__xludf.DUMMYFUNCTION("""COMPUTED_VALUE"""),0) -> 0 | R33: =IFERROR(__xludf.DUMMYFUNCTION("""COMPUTED_VALUE"""),"2055-06-08T21:29:57.51361Z") -> 2055-06-08T21:29:57.51361Z | S33: =IFERROR(__xludf.DUMMYFUNCTION("""COMPUTED_VALUE"""),"2055-06-08T21:46:00.732833Z") -> 2055-06-08T21:46:00.732833Z | U33: =IFERROR(__xludf.DUMMYFUNCTION("""COMPUTED_VALUE"""),56773) -> 56773 | V33: =IFERROR(__xludf.DUMMYFUNCTION("""COMPUTED_VALUE"""),4.678193006) -> 4.678193 | W33: =IFERROR(__xludf.DUMMYFUNCTION("""COMPUTED_VALUE"""),7500) -> 7500 | X33: =IFERROR(__xludf.DUMMYFUNCTION("""COMPUTED_VALUE"""),2718) -> 2718 | Y33: =IFERROR(__xludf.DUMMYFUNCTION("""COMPUTED_VALUE"""),963) -> 963 | Z33: =IFERROR(__xludf.DUMMYFUNCTION("""COMPUTED_VALUE"""),703) -> 703 | AA33: =IFERROR(__xludf.DUMMYFUNCTION("""COMPUTED_VALUE"""),1052) -> 1052 | AB33: =IFERROR(__xludf.DUMMYFUNCTION("""COMPUTED_VALUE"""),0) -> 0 | AC33: =IFERROR(__xludf.DUMMYFUNCTION("""COMPUTED_VALUE"""),7) -> 7 | AD33: =IFERROR(__xludf.DUMMYFUNCTION("""COMPUTED_VALUE"""),"late") -> late | AE33: =IFERROR(__xludf.DUMMYFUNCTION("""COMPUTED_VALUE"""),"2055-06-08T17:57:43.670453Z") -> 2055-06-08T17:57:43.670453Z | AF33: =IFERROR(__xludf.DUMMYFUNCTION("""COMPUTED_VALUE"""),"2055-06-08T18:15:15.322664Z") -> 2055-06-08T18:15:15.322664Z | AG33: =IFERROR(__xludf.DUMMYFUNCTION("""COMPUTED_VALUE"""),"2055-06-08T17:29:34.38399Z") -> 2055-06-08T17:29:34.38399Z | AH33: =IFERROR(__xludf.DUMMYFUNCTION("""COMPUTED_VALUE"""),"2055-06-08T17:46:00.732833Z") -> 2055-06-08T17:46:00.732833Z | AI33: =IFERROR(__xludf.DUMMYFUNCTION("""COMPUTED_VALUE"""),4.58) -> 4.58 | AJ33: =IFERROR(__xludf.DUMMYFUNCTION("""COMPUTED_VALUE"""),254) -> 254 | AK33: =IFERROR(__xludf.DUMMYFUNCTION("""COMPUTED_VALUE"""),788) -> 788 | AL33: =IFERROR(__xludf.DUMMYFUNCTION("""COMPUTED_VALUE"""),9) -> 9
A34: =IFERROR(__xludf.DUMMYFUNCTION("""COMPUTED_VALUE"""),1448) -> 1448 | B34: =IFERROR(__xludf.DUMMYFUNCTION("""COMPUTED_VALUE"""),5) -> 5 | C34: =IFERROR(__xludf.DUMMYFUNCTION("""COMPUTED_VALUE"""),4001) -> 4001 | D34: =IFERROR(__xludf.DUMMYFUNCTION("""COMPUTED_VALUE"""),"Dashattan") -> Dashattan | E34: =IFERROR(__xludf.DUMMYFUNCTION("""COMPUTED_VALUE"""),"Galaxy A") -> Galaxy A | F34: =IFERROR(__xludf.DUMMYFUNCTION("""COMPUTED_VALUE"""),"KC") -> KC | G34: =IFERROR(__xludf.DUMMYFUNCTION("""COMPUTED_VALUE"""),0) -> 0 | H34: =IFERROR(__xludf.DUMMYFUNCTION("""COMPUTED_VALUE"""),"car") -> car | I34: =IFERROR(__xludf.DUMMYFUNCTION("""COMPUTED_VALUE"""),"2055-06-12T20:55:40.497868Z") -> 2055-06-12T20:55:40.497868Z | J34: =IFERROR(__xludf.DUMMYFUNCTION("""COMPUTED_VALUE"""),"2055-06-12T21:58:09.551Z") -> 2055-06-12T21:58:09.551Z | K34: =IFERROR(__xludf.DUMMYFUNCTION("""COMPUTED_VALUE"""),"2055-06-12T21:39:16.551Z") -> 2055-06-12T21:39:16.551Z | L34: =IFERROR(__xludf.DUMMYFUNCTION("""COMPUTED_VALUE"""),1) -> 1 | M34: =IFERROR(__xludf.DUMMYFUNCTION("""COMPUTED_VALUE"""),1) -> 1 | N34: =IFERROR(__xludf.DUMMYFUNCTION("""COMPUTED_VALUE"""),"2055-06-12T21:30:24.37677Z") -> 2055-06-12T21:30:24.37677Z | O34: =IFERROR(__xludf.DUMMYFUNCTION("""COMPUTED_VALUE"""),"2055-06-12T21:37:36.409707Z") -> 2055-06-12T21:37:36.409707Z | P34: =IFERROR(__xludf.DUMMYFUNCTION("""COMPUTED_VALUE"""),"2055-06-12T20:55:54.415667Z") -> 2055-06-12T20:55:54.415667Z | Q34: =IFERROR(__xludf.DUMMYFUNCTION("""COMPUTED_VALUE"""),0) -> 0 | R34: =IFERROR(__xludf.DUMMYFUNCTION("""COMPUTED_VALUE"""),"2055-06-12T20:56:21.054655Z") -> 2055-06-12T20:56:21.054655Z | S34: =IFERROR(__xludf.DUMMYFUNCTION("""COMPUTED_VALUE"""),"2055-06-12T21:00:45.112963Z") -> 2055-06-12T21:00:45.112963Z | U34: =IFERROR(__xludf.DUMMYFUNCTION("""COMPUTED_VALUE"""),56777) -> 56777 | V34: =IFERROR(__xludf.DUMMYFUNCTION("""COMPUTED_VALUE"""),3.412515109) -> 3.4125151 | W34: =IFERROR(__xludf.DUMMYFUNCTION("""COMPUTED_VALUE"""),7500) -> 7500 | X34: =IFERROR(__xludf.DUMMYFUNCTION("""COMPUTED_VALUE"""),2475) -> 2475 | Y34: =IFERROR(__xludf.DUMMYFUNCTION("""COMPUTED_VALUE"""),264) -> 264 | Z34: =IFERROR(__xludf.DUMMYFUNCTION("""COMPUTED_VALUE"""),1779) -> 1779 | AA34: =IFERROR(__xludf.DUMMYFUNCTION("""COMPUTED_VALUE"""),432) -> 432 | AB34: =IFERROR(__xludf.DUMMYFUNCTION("""COMPUTED_VALUE"""),0) -> 0 | AC34: =IFERROR(__xludf.DUMMYFUNCTION("""COMPUTED_VALUE"""),23) -> 23 | AD34: =IFERROR(__xludf.DUMMYFUNCTION("""COMPUTED_VALUE"""),"early") -> early | AE34: =IFERROR(__xludf.DUMMYFUNCTION("""COMPUTED_VALUE"""),"2055-06-12T17:30:24.37677Z") -> 2055-06-12T17:30:24.37677Z | AF34: =IFERROR(__xludf.DUMMYFUNCTION("""COMPUTED_VALUE"""),"2055-06-12T17:37:36.409707Z") -> 2055-06-12T17:37:36.409707Z | AG34: =IFERROR(__xludf.DUMMYFUNCTION("""COMPUTED_VALUE"""),"2055-06-12T16:55:54.415667Z") -> 2055-06-12T16:55:54.415667Z | AH34: =IFERROR(__xludf.DUMMYFUNCTION("""COMPUTED_VALUE"""),"2055-06-12T17:00:45.112963Z") -> 2055-06-12T17:00:45.112963Z | AI34: =IFERROR(__xludf.DUMMYFUNCTION("""COMPUTED_VALUE"""),4.54) -> 4.54 | AJ34: =IFERROR(__xludf.DUMMYFUNCTION("""COMPUTED_VALUE"""),2229) -> 2229 | AK34: =IFERROR(__xludf.DUMMYFUNCTION("""COMPUTED_VALUE"""),6580) -> 6580
A35: =IFERROR(__xludf.DUMMYFUNCTION("""COMPUTED_VALUE"""),252) -> 252 | C35: =IFERROR(__xludf.DUMMYFUNCTION("""COMPUTED_VALUE"""),4001) -> 4001 | D35: =IFERROR(__xludf.DUMMYFUNCTION("""COMPUTED_VALUE"""),"Dashattan") -> Dashattan | E35: =IFERROR(__xludf.DUMMYFUNCTION("""COMPUTED_VALUE"""),"Galaxy A") -> Galaxy A | F35: =IFERROR(__xludf.DUMMYFUNCTION("""COMPUTED_VALUE"""),"KC") -> KC | G35: =IFERROR(__xludf.DUMMYFUNCTION("""COMPUTED_VALUE"""),0) -> 0 | H35: =IFERROR(__xludf.DUMMYFUNCTION("""COMPUTED_VALUE"""),"car") -> car | I35: =IFERROR(__xludf.DUMMYFUNCTION("""COMPUTED_VALUE"""),"2055-06-03T13:53:40.299682Z") -> 2055-06-03T13:53:40.299682Z | J35: =IFERROR(__xludf.DUMMYFUNCTION("""COMPUTED_VALUE"""),"2055-06-03T14:35:59.38Z") -> 2055-06-03T14:35:59.38Z | K35: =IFERROR(__xludf.DUMMYFUNCTION("""COMPUTED_VALUE"""),"2055-06-03T14:26:20.38Z") -> 2055-06-03T14:26:20.38Z | L35: =IFERROR(__xludf.DUMMYFUNCTION("""COMPUTED_VALUE"""),1) -> 1 | M35: =IFERROR(__xludf.DUMMYFUNCTION("""COMPUTED_VALUE"""),0) -> 0 | N35: =IFERROR(__xludf.DUMMYFUNCTION("""COMPUTED_VALUE"""),"2055-06-03T14:24:22.267753Z") -> 2055-06-03T14:24:22.267753Z | O35: =IFERROR(__xludf.DUMMYFUNCTION("""COMPUTED_VALUE"""),"2055-06-03T14:41:08.49135Z") -> 2055-06-03T14:41:08.49135Z | P35: =IFERROR(__xludf.DUMMYFUNCTION("""COMPUTED_VALUE"""),"2055-06-03T14:00:19.017871Z") -> 2055-06-03T14:00:19.017871Z | Q35: =IFERROR(__xludf.DUMMYFUNCTION("""COMPUTED_VALUE"""),1) -> 1 | R35: =IFERROR(__xludf.DUMMYFUNCTION("""COMPUTED_VALUE"""),"2055-06-03T14:00:36.072249Z") -> 2055-06-03T14:00:36.072249Z | S35: =IFERROR(__xludf.DUMMYFUNCTION("""COMPUTED_VALUE"""),"2055-06-03T14:11:10.316031Z") -> 2055-06-03T14:11:10.316031Z | U35: =IFERROR(__xludf.DUMMYFUNCTION("""COMPUTED_VALUE"""),56768) -> 56768 | V35: =IFERROR(__xludf.DUMMYFUNCTION("""COMPUTED_VALUE"""),4.5) -> 4.5 | W35: =IFERROR(__xludf.DUMMYFUNCTION("""COMPUTED_VALUE"""),7500) -> 7500 | X35: =IFERROR(__xludf.DUMMYFUNCTION("""COMPUTED_VALUE"""),2432) -> 2432 | Y35: =IFERROR(__xludf.DUMMYFUNCTION("""COMPUTED_VALUE"""),634) -> 634 | Z35: =IFERROR(__xludf.DUMMYFUNCTION("""COMPUTED_VALUE"""),792) -> 792 | AA35: =IFERROR(__xludf.DUMMYFUNCTION("""COMPUTED_VALUE"""),1006) -> 1006 | AB35: =IFERROR(__xludf.DUMMYFUNCTION("""COMPUTED_VALUE"""),1) -> 1 | AC35: =IFERROR(__xludf.DUMMYFUNCTION("""COMPUTED_VALUE"""),16) -> 16 | AE35: =IFERROR(__xludf.DUMMYFUNCTION("""COMPUTED_VALUE"""),"2055-06-03T10:24:22.267753Z") -> 2055-06-03T10:24:22.267753Z | AF35: =IFERROR(__xludf.DUMMYFUNCTION("""COMPUTED_VALUE"""),"2055-06-03T10:41:08.49135Z") -> 2055-06-03T10:41:08.49135Z | AG35: =IFERROR(__xludf.DUMMYFUNCTION("""COMPUTED_VALUE"""),"2055-06-03T10:00:19.017871Z") -> 2055-06-03T10:00:19.017871Z | AH35: =IFERROR(__xludf.DUMMYFUNCTION("""COMPUTED_VALUE"""),"2055-06-03T10:11:10.316031Z") -> 2055-06-03T10:11:10.316031Z | AI35: =IFERROR(__xludf.DUMMYFUNCTION("""COMPUTED_VALUE"""),4.54) -> 4.54 | AJ35: =IFERROR(__xludf.DUMMYFUNCTION("""COMPUTED_VALUE"""),2229) -> 2229 | AK35: =IFERROR(__xludf.DUMMYFUNCTION("""COMPUTED_VALUE"""),6580) -> 6580
A36: =IFERROR(__xludf.DUMMYFUNCTION("""COMPUTED_VALUE"""),349) -> 349 | B36: =IFERROR(__xludf.DUMMYFUNCTION("""COMPUTED_VALUE"""),5) -> 5 | C36: =IFERROR(__xludf.DUMMYFUNCTION("""COMPUTED_VALUE"""),4050) -> 4050 | D36: =IFERROR(__xludf.DUMMYFUNCTION("""COMPUTED_VALUE"""),"Doorlanta") -> Doorlanta | E36: =IFERROR(__xludf.DUMMYFUNCTION("""COMPUTED_VALUE"""),"Galaxy A") -> Galaxy A | F36: =IFERROR(__xludf.DUMMYFUNCTION("""COMPUTED_VALUE"""),"Anisha") -> Anisha | G36: =IFERROR(__xludf.DUMMYFUNCTION("""COMPUTED_VALUE"""),0) -> 0 | H36: =IFERROR(__xludf.DUMMYFUNCTION("""COMPUTED_VALUE"""),"car") -> car | I36: =IFERROR(__xludf.DUMMYFUNCTION("""COMPUTED_VALUE"""),"2055-06-03T22:33:56.344997Z") -> 2055-06-03T22:33:56.344997Z | J36: =IFERROR(__xludf.DUMMYFUNCTION("""COMPUTED_VALUE"""),"2055-06-03T23:36:22.418Z") -> 2055-06-03T23:36:22.418Z | K36: =IFERROR(__xludf.DUMMYFUNCTION("""COMPUTED_VALUE"""),"2055-06-03T23:17:29.418Z") -> 2055-06-03T23:17:29.418Z | L36: =IFERROR(__xludf.DUMMYFUNCTION("""COMPUTED_VALUE"""),1) -> 1 | M36: =IFERROR(__xludf.DUMMYFUNCTION("""COMPUTED_VALUE"""),0) -> 0 | N36: =IFERROR(__xludf.DUMMYFUNCTION("""COMPUTED_VALUE"""),"2055-06-03T22:56:12.623884Z") -> 2055-06-03T22:56:12.623884Z | O36: =IFERROR(__xludf.DUMMYFUNCTION("""COMPUTED_VALUE"""),"2055-06-03T23:12:59.845577Z") -> 2055-06-03T23:12:59.845577Z | P36: =IFERROR(__xludf.DUMMYFUNCTION("""COMPUTED_VALUE"""),"2055-06-03T22:34:07.37549Z") -> 2055-06-03T22:34:07.37549Z | Q36: =IFERROR(__xludf.DUMMYFUNCTION("""COMPUTED_VALUE"""),0) -> 0 | R36: =IFERROR(__xludf.DUMMYFUNCTION("""COMPUTED_VALUE"""),"2055-06-03T22:34:12.598085Z") -> 2055-06-03T22:34:12.598085Z | U36: =IFERROR(__xludf.DUMMYFUNCTION("""COMPUTED_VALUE"""),56768) -> 56768 | V36: =IFERROR(__xludf.DUMMYFUNCTION("""COMPUTED_VALUE"""),4.8) -> 4.8 | W36: =IFERROR(__xludf.DUMMYFUNCTION("""COMPUTED_VALUE"""),7500) -> 7500 | X36: =IFERROR(__xludf.DUMMYFUNCTION("""COMPUTED_VALUE"""),2327) -> 2327 | AA36: =IFERROR(__xludf.DUMMYFUNCTION("""COMPUTED_VALUE"""),1007) -> 1007 | AB36: =IFERROR(__xludf.DUMMYFUNCTION("""COMPUTED_VALUE"""),0) -> 0 | AC36: =IFERROR(__xludf.DUMMYFUNCTION("""COMPUTED_VALUE"""),17) -> 17 | AE36: =IFERROR(__xludf.DUMMYFUNCTION("""COMPUTED_VALUE"""),"2055-06-03T18:56:12.623884Z") -> 2055-06-03T18:56:12.623884Z | AF36: =IFERROR(__xludf.DUMMYFUNCTION("""COMPUTED_VALUE"""),"2055-06-03T19:12:59.845577Z") -> 2055-06-03T19:12:59.845577Z | AG36: =IFERROR(__xludf.DUMMYFUNCTION("""COMPUTED_VALUE"""),"2055-06-03T18:34:07.37549Z") -> 2055-06-03T18:34:07.37549Z | AI36: =IFERROR(__xludf.DUMMYFUNCTION("""COMPUTED_VALUE"""),4.7) -> 4.7 | AJ36: =IFERROR(__xludf.DUMMYFUNCTION("""COMPUTED_VALUE"""),272) -> 272 | AK36: =IFERROR(__xludf.DUMMYFUNCTION("""COMPUTED_VALUE"""),931) -> 931 | AL36: =IFERROR(__xludf.DUMMYFUNCTION("""COMPUTED_VALUE"""),144) -> 144
A37: =IFERROR(__xludf.DUMMYFUNCTION("""COMPUTED_VALUE"""),528) -> 528 | B37: =IFERROR(__xludf.DUMMYFUNCTION("""COMPUTED_VALUE"""),5) -> 5 | C37: =IFERROR(__xludf.DUMMYFUNCTION("""COMPUTED_VALUE"""),4050) -> 4050 | D37: =IFERROR(__xludf.DUMMYFUNCTION("""COMPUTED_VALUE"""),"Doorlanta") -> Doorlanta | E37: =IFERROR(__xludf.DUMMYFUNCTION("""COMPUTED_VALUE"""),"Galaxy A") -> Galaxy A | F37: =IFERROR(__xludf.DUMMYFUNCTION("""COMPUTED_VALUE"""),"Cate") -> Cate | G37: =IFERROR(__xludf.DUMMYFUNCTION("""COMPUTED_VALUE"""),0) -> 0 | H37: =IFERROR(__xludf.DUMMYFUNCTION("""COMPUTED_VALUE"""),"car") -> car | I37: =IFERROR(__xludf.DUMMYFUNCTION("""COMPUTED_VALUE"""),"2055-06-05T01:34:44.099926Z") -> 2055-06-05T01:34:44.099926Z | J37: =IFERROR(__xludf.DUMMYFUNCTION("""COMPUTED_VALUE"""),"2055-06-05T02:29:44.21Z") -> 2055-06-05T02:29:44.21Z | K37: =IFERROR(__xludf.DUMMYFUNCTION("""COMPUTED_VALUE"""),"2055-06-05T02:08:26.21Z") -> 2055-06-05T02:08:26.21Z | L37: =IFERROR(__xludf.DUMMYFUNCTION("""COMPUTED_VALUE"""),1) -> 1 | M37: =IFERROR(__xludf.DUMMYFUNCTION("""COMPUTED_VALUE"""),0) -> 0 | N37: =IFERROR(__xludf.DUMMYFUNCTION("""COMPUTED_VALUE"""),"2055-06-05T02:11:24.746754Z") -> 2055-06-05T02:11:24.746754Z | O37: =IFERROR(__xludf.DUMMYFUNCTION("""COMPUTED_VALUE"""),"2055-06-05T02:23:03.370921Z") -> 2055-06-05T02:23:03.370921Z | P37: =IFERROR(__xludf.DUMMYFUNCTION("""COMPUTED_VALUE"""),"2055-06-05T01:44:47.367076Z") -> 2055-06-05T01:44:47.367076Z | Q37: =IFERROR(__xludf.DUMMYFUNCTION("""COMPUTED_VALUE"""),0) -> 0 | R37: =IFERROR(__xludf.DUMMYFUNCTION("""COMPUTED_VALUE"""),"2055-06-05T01:44:51.191099Z") -> 2055-06-05T01:44:51.191099Z | S37: =IFERROR(__xludf.DUMMYFUNCTION("""COMPUTED_VALUE"""),"2055-06-05T02:05:03.516913Z") -> 2055-06-05T02:05:03.516913Z | U37: =IFERROR(__xludf.DUMMYFUNCTION("""COMPUTED_VALUE"""),56769) -> 56769 | V37: =IFERROR(__xludf.DUMMYFUNCTION("""COMPUTED_VALUE"""),4.6) -> 4.6 | W37: =IFERROR(__xludf.DUMMYFUNCTION("""COMPUTED_VALUE"""),7500) -> 7500 | X37: =IFERROR(__xludf.DUMMYFUNCTION("""COMPUTED_VALUE"""),2292) -> 2292 | Y37: =IFERROR(__xludf.DUMMYFUNCTION("""COMPUTED_VALUE"""),1212) -> 1212 | Z37: =IFERROR(__xludf.DUMMYFUNCTION("""COMPUTED_VALUE"""),381) -> 381 | AA37: =IFERROR(__xludf.DUMMYFUNCTION("""COMPUTED_VALUE"""),699) -> 699 | AB37: =IFERROR(__xludf.DUMMYFUNCTION("""COMPUTED_VALUE"""),0) -> 0 | AC37: =IFERROR(__xludf.DUMMYFUNCTION("""COMPUTED_VALUE"""),7) -> 7 | AD37: =IFERROR(__xludf.DUMMYFUNCTION("""COMPUTED_VALUE"""),"late") -> late | AE37: =IFERROR(__xludf.DUMMYFUNCTION("""COMPUTED_VALUE"""),"2055-06-04T22:11:24.746754Z") -> 2055-06-04T22:11:24.746754Z | AF37: =IFERROR(__xludf.DUMMYFUNCTION("""COMPUTED_VALUE"""),"2055-06-04T22:23:03.370921Z") -> 2055-06-04T22:23:03.370921Z | AG37: =IFERROR(__xludf.DUMMYFUNCTION("""COMPUTED_VALUE"""),"2055-06-04T21:44:47.367076Z") -> 2055-06-04T21:44:47.367076Z | AH37: =IFERROR(__xludf.DUMMYFUNCTION("""COMPUTED_VALUE"""),"2055-06-04T22:05:03.516913Z") -> 2055-06-04T22:05:03.516913Z | AI37: =IFERROR(__xludf.DUMMYFUNCTION("""COMPUTED_VALUE"""),4.49) -> 4.49 | AJ37: =IFERROR(__xludf.DUMMYFUNCTION("""COMPUTED_VALUE"""),2315) -> 2315 | AK37: =IFERROR(__xludf.DUMMYFUNCTION("""COMPUTED_VALUE"""),7039) -> 7039 | AL37: =IFERROR(__xludf.DUMMYFUNCTION("""COMPUTED_VALUE"""),763) -> 763
A38: =IFERROR(__xludf.DUMMYFUNCTION("""COMPUTED_VALUE"""),104) -> 104 | C38: =IFERROR(__xludf.DUMMYFUNCTION("""COMPUTED_VALUE"""),4001) -> 4001 | D38: =IFERROR(__xludf.DUMMYFUNCTION("""COMPUTED_VALUE"""),"Dashattan") -> Dashattan | E38: =IFERROR(__xludf.DUMMYFUNCTION("""COMPUTED_VALUE"""),"Galaxy A") -> Galaxy A | F38: =IFERROR(__xludf.DUMMYFUNCTION("""COMPUTED_VALUE"""),"Arya") -> Arya | G38: =IFERROR(__xludf.DUMMYFUNCTION("""COMPUTED_VALUE"""),0) -> 0 | H38: =IFERROR(__xludf.DUMMYFUNCTION("""COMPUTED_VALUE"""),"bicycle") -> bicycle | I38: =IFERROR(__xludf.DUMMYFUNCTION("""COMPUTED_VALUE"""),"2055-06-02T01:20:42.291878Z") -> 2055-06-02T01:20:42.291878Z | J38: =IFERROR(__xludf.DUMMYFUNCTION("""COMPUTED_VALUE"""),"2055-06-02T02:10:22.35Z") -> 2055-06-02T02:10:22.35Z | K38: =IFERROR(__xludf.DUMMYFUNCTION("""COMPUTED_VALUE"""),"2055-06-02T01:55:43.35Z") -> 2055-06-02T01:55:43.35Z | L38: =IFERROR(__xludf.DUMMYFUNCTION("""COMPUTED_VALUE"""),1) -> 1 | M38: =IFERROR(__xludf.DUMMYFUNCTION("""COMPUTED_VALUE"""),0) -> 0 | N38: =IFERROR(__xludf.DUMMYFUNCTION("""COMPUTED_VALUE"""),"2055-06-02T01:43:03.031108Z") -> 2055-06-02T01:43:03.031108Z | O38: =IFERROR(__xludf.DUMMYFUNCTION("""COMPUTED_VALUE"""),"2055-06-02T01:51:41.123571Z") -> 2055-06-02T01:51:41.123571Z | P38: =IFERROR(__xludf.DUMMYFUNCTION("""COMPUTED_VALUE"""),"2055-06-02T01:26:54.526136Z") -> 2055-06-02T01:26:54.526136Z | Q38: =IFERROR(__xludf.DUMMYFUNCTION("""COMPUTED_VALUE"""),0) -> 0 | R38: =IFERROR(__xludf.DUMMYFUNCTION("""COMPUTED_VALUE"""),"2055-06-02T01:27:36.185254Z") -> 2055-06-02T01:27:36.185254Z | S38: =IFERROR(__xludf.DUMMYFUNCTION("""COMPUTED_VALUE"""),"2055-06-02T01:38:52.584896Z") -> 2055-06-02T01:38:52.584896Z | U38: =IFERROR(__xludf.DUMMYFUNCTION("""COMPUTED_VALUE"""),56766) -> 56766 | V38: =IFERROR(__xludf.DUMMYFUNCTION("""COMPUTED_VALUE"""),2.697518646) -> 2.6975186 | W38: =IFERROR(__xludf.DUMMYFUNCTION("""COMPUTED_VALUE"""),7500) -> 7500 | X38: =IFERROR(__xludf.DUMMYFUNCTION("""COMPUTED_VALUE"""),1445) -> 1445 | Y38: =IFERROR(__xludf.DUMMYFUNCTION("""COMPUTED_VALUE"""),676) -> 676 | Z38: =IFERROR(__xludf.DUMMYFUNCTION("""COMPUTED_VALUE"""),251) -> 251 | AA38: =IFERROR(__xludf.DUMMYFUNCTION("""COMPUTED_VALUE"""),518) -> 518 | AB38: =IFERROR(__xludf.DUMMYFUNCTION("""COMPUTED_VALUE"""),0) -> 0 | AC38: =IFERROR(__xludf.DUMMYFUNCTION("""COMPUTED_VALUE"""),4) -> 4 | AD38: =IFERROR(__xludf.DUMMYFUNCTION("""COMPUTED_VALUE"""),"on time") -> on time | AE38: =IFERROR(__xludf.DUMMYFUNCTION("""COMPUTED_VALUE"""),"2055-06-01T21:43:03.031108Z") -> 2055-06-01T21:43:03.031108Z | AF38: =IFERROR(__xludf.DUMMYFUNCTION("""COMPUTED_VALUE"""),"2055-06-01T21:51:41.123571Z") -> 2055-06-01T21:51:41.123571Z | AG38: =IFERROR(__xludf.DUMMYFUNCTION("""COMPUTED_VALUE"""),"2055-06-01T21:26:54.526136Z") -> 2055-06-01T21:26:54.526136Z | AH38: =IFERROR(__xludf.DUMMYFUNCTION("""COMPUTED_VALUE"""),"2055-06-01T21:38:52.584896Z") -> 2055-06-01T21:38:52.584896Z | AI38: =IFERROR(__xludf.DUMMYFUNCTION("""COMPUTED_VALUE"""),4.17) -> 4.17 | AJ38: =IFERROR(__xludf.DUMMYFUNCTION("""COMPUTED_VALUE"""),457) -> 457 | AK38: =IFERROR(__xludf.DUMMYFUNCTION("""COMPUTED_VALUE"""),1599) -> 1599
A39: =IFERROR(__xludf.DUMMYFUNCTION("""COMPUTED_VALUE"""),195) -> 195 | B39: =IFERROR(__xludf.DUMMYFUNCTION("""COMPUTED_VALUE"""),5) -> 5 | C39: =IFERROR(__xludf.DUMMYFUNCTION("""COMPUTED_VALUE"""),4050) -> 4050 | D39: =IFERROR(__xludf.DUMMYFUNCTION("""COMPUTED_VALUE"""),"Doorlanta") -> Doorlanta | E39: =IFERROR(__xludf.DUMMYFUNCTION("""COMPUTED_VALUE"""),"Galaxy A") -> Galaxy A | F39: =IFERROR(__xludf.DUMMYFUNCTION("""COMPUTED_VALUE"""),"Hersh") -> Hersh | G39: =IFERROR(__xludf.DUMMYFUNCTION("""COMPUTED_VALUE"""),0) -> 0 | H39: =IFERROR(__xludf.DUMMYFUNCTION("""COMPUTED_VALUE"""),"car") -> car | I39: =IFERROR(__xludf.DUMMYFUNCTION("""COMPUTED_VALUE"""),"2055-06-02T22:48:18.7991Z") -> 2055-06-02T22:48:18.7991Z | J39: =IFERROR(__xludf.DUMMYFUNCTION("""COMPUTED_VALUE"""),"2055-06-02T23:43:19.081Z") -> 2055-06-02T23:43:19.081Z | K39: =IFERROR(__xludf.DUMMYFUNCTION("""COMPUTED_VALUE"""),"2055-06-02T23:22:19.081Z") -> 2055-06-02T23:22:19.081Z | L39: =IFERROR(__xludf.DUMMYFUNCTION("""COMPUTED_VALUE"""),1) -> 1 | M39: =IFERROR(__xludf.DUMMYFUNCTION("""COMPUTED_VALUE"""),0) -> 0 | N39: =IFERROR(__xludf.DUMMYFUNCTION("""COMPUTED_VALUE"""),"2055-06-02T23:17:56.920722Z") -> 2055-06-02T23:17:56.920722Z | O39: =IFERROR(__xludf.DUMMYFUNCTION("""COMPUTED_VALUE"""),"2055-06-02T23:32:21.439285Z") -> 2055-06-02T23:32:21.439285Z | P39: =IFERROR(__xludf.DUMMYFUNCTION("""COMPUTED_VALUE"""),"2055-06-02T22:48:27.483323Z") -> 2055-06-02T22:48:27.483323Z | Q39: =IFERROR(__xludf.DUMMYFUNCTION("""COMPUTED_VALUE"""),0) -> 0 | R39: =IFERROR(__xludf.DUMMYFUNCTION("""COMPUTED_VALUE"""),"2055-06-02T22:48:38.091622Z") -> 2055-06-02T22:48:38.091622Z | S39: =IFERROR(__xludf.DUMMYFUNCTION("""COMPUTED_VALUE"""),"2055-06-02T23:02:03.903694Z") -> 2055-06-02T23:02:03.903694Z | U39: =IFERROR(__xludf.DUMMYFUNCTION("""COMPUTED_VALUE"""),56767) -> 56767 | V39: =IFERROR(__xludf.DUMMYFUNCTION("""COMPUTED_VALUE"""),4.7) -> 4.7 | W39: =IFERROR(__xludf.DUMMYFUNCTION("""COMPUTED_VALUE"""),7500) -> 7500 | X39: =IFERROR(__xludf.DUMMYFUNCTION("""COMPUTED_VALUE"""),2623) -> 2623 | Y39: =IFERROR(__xludf.DUMMYFUNCTION("""COMPUTED_VALUE"""),805) -> 805 | Z39: =IFERROR(__xludf.DUMMYFUNCTION("""COMPUTED_VALUE"""),953) -> 953 | AA39: =IFERROR(__xludf.DUMMYFUNCTION("""COMPUTED_VALUE"""),865) -> 865 | AB39: =IFERROR(__xludf.DUMMYFUNCTION("""COMPUTED_VALUE"""),0) -> 0 | AC39: =IFERROR(__xludf.DUMMYFUNCTION("""COMPUTED_VALUE"""),5) -> 5 | AD39: =IFERROR(__xludf.DUMMYFUNCTION("""COMPUTED_VALUE"""),"on time") -> on time | AE39: =IFERROR(__xludf.DUMMYFUNCTION("""COMPUTED_VALUE"""),"2055-06-02T19:17:56.920722Z") -> 2055-06-02T19:17:56.920722Z | AF39: =IFERROR(__xludf.DUMMYFUNCTION("""COMPUTED_VALUE"""),"2055-06-02T19:32:21.439285Z") -> 2055-06-02T19:32:21.439285Z | AG39: =IFERROR(__xludf.DUMMYFUNCTION("""COMPUTED_VALUE"""),"2055-06-02T18:48:27.483323Z") -> 2055-06-02T18:48:27.483323Z | AH39: =IFERROR(__xludf.DUMMYFUNCTION("""COMPUTED_VALUE"""),"2055-06-02T19:02:03.903694Z") -> 2055-06-02T19:02:03.903694Z | AI39: =IFERROR(__xludf.DUMMYFUNCTION("""COMPUTED_VALUE"""),4.7) -> 4.7 | AJ39: =IFERROR(__xludf.DUMMYFUNCTION("""COMPUTED_VALUE"""),212) -> 212 | AK39: =IFERROR(__xludf.DUMMYFUNCTION("""COMPUTED_VALUE"""),624) -> 624 | AL39: =IFERROR(__xludf.DUMMYFUNCTION("""COMPUTED_VALUE"""),347) -> 347
A40: =IFERROR(__xludf.DUMMYFUNCTION("""COMPUTED_VALUE"""),735) -> 735 | B40: =IFERROR(__xludf.DUMMYFUNCTION("""COMPUTED_VALUE"""),1) -> 1 | C40: =IFERROR(__xludf.DUMMYFUNCTION("""COMPUTED_VALUE"""),4001) -> 4001 | D40: =IFERROR(__xludf.DUMMYFUNCTION("""COMPUTED_VALUE"""),"Dashattan") -> Dashattan | E40: =IFERROR(__xludf.DUMMYFUNCTION("""COMPUTED_VALUE"""),"Galaxy A") -> Galaxy A | F40: =IFERROR(__xludf.DUMMYFUNCTION("""COMPUTED_VALUE"""),"Rojan") -> Rojan | G40: =IFERROR(__xludf.DUMMYFUNCTION("""COMPUTED_VALUE"""),0) -> 0 | H40: =IFERROR(__xludf.DUMMYFUNCTION("""COMPUTED_VALUE"""),"bicycle") -> bicycle | I40: =IFERROR(__xludf.DUMMYFUNCTION("""COMPUTED_VALUE"""),"2055-06-06T16:05:07.268663Z") -> 2055-06-06T16:05:07.268663Z | J40: =IFERROR(__xludf.DUMMYFUNCTION("""COMPUTED_VALUE"""),"2055-06-10T15:30:00Z") -> 2055-06-10T15:30:00Z | K40: =IFERROR(__xludf.DUMMYFUNCTION("""COMPUTED_VALUE"""),"2055-06-10T15:30:00Z") -> 2055-06-10T15:30:00Z | L40: =IFERROR(__xludf.DUMMYFUNCTION("""COMPUTED_VALUE"""),0) -> 0 | M40: =IFERROR(__xludf.DUMMYFUNCTION("""COMPUTED_VALUE"""),0) -> 0 | N40: =IFERROR(__xludf.DUMMYFUNCTION("""COMPUTED_VALUE"""),"2055-06-10T14:44:52.018664Z") -> 2055-06-10T14:44:52.018664Z | O40: =IFERROR(__xludf.DUMMYFUNCTION("""COMPUTED_VALUE"""),"2055-06-10T14:55:28.739002Z") -> 2055-06-10T14:55:28.739002Z | P40: =IFERROR(__xludf.DUMMYFUNCTION("""COMPUTED_VALUE"""),"2055-06-10T14:31:54.182274Z") -> 2055-06-10T14:31:54.182274Z | Q40: =IFERROR(__xludf.DUMMYFUNCTION("""COMPUTED_VALUE"""),0) -> 0 | R40: =IFERROR(__xludf.DUMMYFUNCTION("""COMPUTED_VALUE"""),"2055-06-10T14:32:02.882878Z") -> 2055-06-10T14:32:02.882878Z | S40: =IFERROR(__xludf.DUMMYFUNCTION("""COMPUTED_VALUE"""),"2055-06-10T14:36:50.807189Z") -> 2055-06-10T14:36:50.807189Z | U40: =IFERROR(__xludf.DUMMYFUNCTION("""COMPUTED_VALUE"""),56775) -> 56775 | V40: =IFERROR(__xludf.DUMMYFUNCTION("""COMPUTED_VALUE"""),4.5) -> 4.5 | W40: =IFERROR(__xludf.DUMMYFUNCTION("""COMPUTED_VALUE"""),7500) -> 7500 | X40: =IFERROR(__xludf.DUMMYFUNCTION("""COMPUTED_VALUE"""),1406) -> 1406 | Y40: =IFERROR(__xludf.DUMMYFUNCTION("""COMPUTED_VALUE"""),288) -> 288 | Z40: =IFERROR(__xludf.DUMMYFUNCTION("""COMPUTED_VALUE"""),482) -> 482 | AA40: =IFERROR(__xludf.DUMMYFUNCTION("""COMPUTED_VALUE"""),636) -> 636 | AB40: =IFERROR(__xludf.DUMMYFUNCTION("""COMPUTED_VALUE"""),0) -> 0 | AC40: =IFERROR(__xludf.DUMMYFUNCTION("""COMPUTED_VALUE"""),6) -> 6 | AD40: =IFERROR(__xludf.DUMMYFUNCTION("""COMPUTED_VALUE"""),"early") -> early | AE40: =IFERROR(__xludf.DUMMYFUNCTION("""COMPUTED_VALUE"""),"2055-06-10T10:44:52.018664Z") -> 2055-06-10T10:44:52.018664Z | AF40: =IFERROR(__xludf.DUMMYFUNCTION("""COMPUTED_VALUE"""),"2055-06-10T10:55:28.739002Z") -> 2055-06-10T10:55:28.739002Z | AG40: =IFERROR(__xludf.DUMMYFUNCTION("""COMPUTED_VALUE"""),"2055-06-10T10:31:54.182274Z") -> 2055-06-10T10:31:54.182274Z | AH40: =IFERROR(__xludf.DUMMYFUNCTION("""COMPUTED_VALUE"""),"2055-06-10T10:36:50.807189Z") -> 2055-06-10T10:36:50.807189Z | AI40: =IFERROR(__xludf.DUMMYFUNCTION("""COMPUTED_VALUE"""),4.58) -> 4.58 | AJ40: =IFERROR(__xludf.DUMMYFUNCTION("""COMPUTED_VALUE"""),254) -> 254 | AK40: =IFERROR(__xludf.DUMMYFUNCTION("""COMPUTED_VALUE"""),788) -> 788 | AL40: =IFERROR(__xludf.DUMMYFUNCTION("""COMPUTED_VALUE"""),9) -> 9
A41: =IFERROR(__xludf.DUMMYFUNCTION("""COMPUTED_VALUE"""),518) -> 518 | B41: =IFERROR(__xludf.DUMMYFUNCTION("""COMPUTED_VALUE"""),5) -> 5 | C41: =IFERROR(__xludf.DUMMYFUNCTION("""COMPUTED_VALUE"""),4050) -> 4050 | D41: =IFERROR(__xludf.DUMMYFUNCTION("""COMPUTED_VALUE"""),"Doorlanta") -> Doorlanta | E41: =IFERROR(__xludf.DUMMYFUNCTION("""COMPUTED_VALUE"""),"Galaxy A") -> Galaxy A | F41: =IFERROR(__xludf.DUMMYFUNCTION("""COMPUTED_VALUE"""),"Elon") -> Elon | G41: =IFERROR(__xludf.DUMMYFUNCTION("""COMPUTED_VALUE"""),0) -> 0 | H41: =IFERROR(__xludf.DUMMYFUNCTION("""COMPUTED_VALUE"""),"car") -> car | I41: =IFERROR(__xludf.DUMMYFUNCTION("""COMPUTED_VALUE"""),"2055-06-05T00:56:04.766366Z") -> 2055-06-05T00:56:04.766366Z | J41: =IFERROR(__xludf.DUMMYFUNCTION("""COMPUTED_VALUE"""),"2055-06-05T01:54:06.849Z") -> 2055-06-05T01:54:06.849Z | K41: =IFERROR(__xludf.DUMMYFUNCTION("""COMPUTED_VALUE"""),"2055-06-05T01:47:12.849Z") -> 2055-06-05T01:47:12.849Z | L41: =IFERROR(__xludf.DUMMYFUNCTION("""COMPUTED_VALUE"""),1) -> 1 | M41: =IFERROR(__xludf.DUMMYFUNCTION("""COMPUTED_VALUE"""),0) -> 0 | N41: =IFERROR(__xludf.DUMMYFUNCTION("""COMPUTED_VALUE"""),"2055-06-05T02:00:51.837178Z") -> 2055-06-05T02:00:51.837178Z | O41: =IFERROR(__xludf.DUMMYFUNCTION("""COMPUTED_VALUE"""),"2055-06-05T02:20:03.635668Z") -> 2055-06-05T02:20:03.635668Z | P41: =IFERROR(__xludf.DUMMYFUNCTION("""COMPUTED_VALUE"""),"2055-06-05T01:09:07.411357Z") -> 2055-06-05T01:09:07.411357Z | Q41: =IFERROR(__xludf.DUMMYFUNCTION("""COMPUTED_VALUE"""),0) -> 0 | R41: =IFERROR(__xludf.DUMMYFUNCTION("""COMPUTED_VALUE"""),"2055-06-05T01:09:25.078358Z") -> 2055-06-05T01:09:25.078358Z | S41: =IFERROR(__xludf.DUMMYFUNCTION("""COMPUTED_VALUE"""),"2055-06-05T01:15:39.081256Z") -> 2055-06-05T01:15:39.081256Z | U41: =IFERROR(__xludf.DUMMYFUNCTION("""COMPUTED_VALUE"""),56769) -> 56769 | V41: =IFERROR(__xludf.DUMMYFUNCTION("""COMPUTED_VALUE"""),4) -> 4 | W41: =IFERROR(__xludf.DUMMYFUNCTION("""COMPUTED_VALUE"""),7500) -> 7500 | X41: =IFERROR(__xludf.DUMMYFUNCTION("""COMPUTED_VALUE"""),4238) -> 4238 | Y41: =IFERROR(__xludf.DUMMYFUNCTION("""COMPUTED_VALUE"""),374) -> 374 | Z41: =IFERROR(__xludf.DUMMYFUNCTION("""COMPUTED_VALUE"""),2712) -> 2712 | AA41: =IFERROR(__xludf.DUMMYFUNCTION("""COMPUTED_VALUE"""),1152) -> 1152 | AB41: =IFERROR(__xludf.DUMMYFUNCTION("""COMPUTED_VALUE"""),1) -> 1 | AC41: =IFERROR(__xludf.DUMMYFUNCTION("""COMPUTED_VALUE"""),8) -> 8 | AE41: =IFERROR(__xludf.DUMMYFUNCTION("""COMPUTED_VALUE"""),"2055-06-04T22:00:51.837178Z") -> 2055-06-04T22:00:51.837178Z | AF41: =IFERROR(__xludf.DUMMYFUNCTION("""COMPUTED_VALUE"""),"2055-06-04T22:20:03.635668Z") -> 2055-06-04T22:20:03.635668Z | AG41: =IFERROR(__xludf.DUMMYFUNCTION("""COMPUTED_VALUE"""),"2055-06-04T21:09:07.411357Z") -> 2055-06-04T21:09:07.411357Z | AH41: =IFERROR(__xludf.DUMMYFUNCTION("""COMPUTED_VALUE"""),"2055-06-04T21:15:39.081256Z") -> 2055-06-04T21:15:39.081256Z | AI41: =IFERROR(__xludf.DUMMYFUNCTION("""COMPUTED_VALUE"""),4.62) -> 4.62 | AJ41: =IFERROR(__xludf.DUMMYFUNCTION("""COMPUTED_VALUE"""),259) -> 259 | AK41: =IFERROR(__xludf.DUMMYFUNCTION("""COMPUTED_VALUE"""),604) -> 604 | AL41: =IFERROR(__xludf.DUMMYFUNCTION("""COMPUTED_VALUE"""),21) -> 21
